{"type":"FeatureCollection","metadata":{"generated":1790582186000,"url":"https://earthquake.usgs.gov/earthquakes/feed/v1.0/summary/2.5_week.geojson","title":"USGS Magnitude 2.5+ Earthquakes, Past Week","status":200,"api":"2.7.0","count":327},"features":[{"type":"Feature","properties":{"mag":2.48,"place":"2 km S of Mountain View, Hawaii","time":1790579877790,"updated":1790580079830,"tz":null,"url":"https://earthquake.usgs.gov/earthquakes/eventpage/hv75044517","detail":"https://earthquake.usgs.gov/earthquakes/feed/v1.0/detail/hv75044517.geojson","felt":null,"cdi":null,"mmi":null,"alert":null,"status":"automatic","tsunami":0,"sig":95,"net":"hv","code":"75044517","ids":",hv75044517,","sources":",hv,","types":",origin,phase-data,","nst":51,"dmin":0.1123,"rms":0.140000001,"gap":89,"magType":"ml","type":"earthquake","title":"M 2.5 - 2 km S of Mountain View, Hawaii"},"geometry":{"type":"Point","coordinates":[-155.105667114258,19.5321674346924,21.3899993896484]},"id":"hv75044517"},
{"type":"Feature","properties":{"mag":3.3,"place":"20 km W of Preston, Nevada","time":1790574791730,"updated":1790576104271,"tz":null,"url":"https://earthquake.usgs.gov/earthquakes/eventpage/nn00924977","detail":"https://earthquake.usgs.gov/earthquakes/feed/v1.0/detail/nn00924977.geojson","felt":null,"cdi":null,"mmi":null,"alert":null,"status":"reviewed","tsunami":0,"sig":168,"net":"nn","code":"00924977","ids":",nn00924977,","sources":",nn,","types":",origin,phase-data,","nst":8,"dmin":0.389,"rms":0.1453,"gap":194,"magType":"ml","type":"earthquake","title":"M 3.3 - 20 km W of Preston, Nevada"},"geometry":{"type":"Point","coordinates":[-115.2938,38.896,0]},"id":"nn00924977"},
{"type":"Feature","properties":{"mag":5.2,"place":"67 km ENE of Tadine, New Caledonia","time":1790574329689,"updated":1790575340040,"tz":null,"url":"https://earthquake.usgs.gov/earthquakes/eventpage/us6000ty38","detail":"https://earthquake.usgs.gov/earthquakes/feed/v1.0/detail/us6000ty38.geojson","felt":null,"cdi":null,"mmi":null,"alert":null,"status":"reviewed","tsunami":0,"sig":416,"net":"us","code":"6000ty38","ids":",us6000ty38,","sources":",us,","types":",origin,phase-data,","nst":43,"dmin":1.655,"rms":0.58,"gap":101,"magType":"mb","type":"earthquake","title":"M 5.2 - 67 km ENE of Tadine, New Caledonia"},"geometry":{"type":"Point","coordinates":[168.4274,-21.2247,10]},"id":"us6000ty38"},
{"type":"Feature","properties":{"mag":4.9,"place":"39 km ENE of Tadine, New Caledonia","time":1790574152024,"updated":1790578772040,"tz":null,"url":"https://earthquake.usgs.gov/earthquakes/eventpage/us6000ty36","detail":"https://earthquake.usgs.gov/earthquakes/feed/v1.0/detail/us6000ty36.geojson","felt":null,"cdi":null,"mmi":null,"alert":null,"status":"reviewed","tsunami":0,"sig":369,"net":"us","code":"6000ty36","ids":",us6000ty36,","sources":",us,","types":",origin,phase-data,","nst":42,"dmin":1.411,"rms":0.82,"gap":126,"magType":"mb","type":"earthquake","title":"M 4.9 - 39 km ENE of Tadine, New Caledonia"},"geometry":{"type":"Point","coordinates":[168.2294,-21.3968,10]},"id":"us6000ty36"},
{"type":"Feature","properties":{"mag":4.6,"place":"63 km ENE of Tadine, New Caledonia","time":1790574141379,"updated":1790577318040,"tz":null,"url":"https://earthquake.usgs.gov/earthquakes/eventpage/us6000ty3a","detail":"https://earthquake.usgs.gov/earthquakes/feed/v1.0/detail/us6000ty3a.geojson","felt":null,"cdi":null,"mmi":null,"alert":null,"status":"reviewed","tsunami":0,"sig":326,"net":"us","code":"6000ty3a","ids":",us6000ty3a,","sources":",us,","types":",origin,phase-data,","nst":35,"dmin":1.628,"rms":0.51,"gap":115,"magType":"mb","type":"earthquake","title":"M 4.6 - 63 km ENE of Tadine, New Caledonia"},"geometry":{"type":"Point","coordinates":[168.3953,-21.2372,10]},"id":"us6000ty3a"},
{"type":"Feature","properties":{"mag":2.7,"place":"62 km ESE of King Salmon, Alaska","time":1790573933293,"updated":1790574209482,"tz":null,"url":"https://earthquake.usgs.gov/earthquakes/eventpage/aka2026tfdfhc","detail":"https://earthquake.usgs.gov/earthquakes/feed/v1.0/detail/aka2026tfdfhc.geojson","felt":null,"cdi":null,"mmi":null,"alert":null,"status":"automatic","tsunami":0,"sig":112,"net":"ak","code":"a2026tfdfhc","ids":",aka2026tfdfhc,","sources":",ak,","types":",origin,phase-data,","nst":81,"dmin":0,"rms":0.6,"gap":43,"magType":"ml","type":"earthquake","title":"M 2.7 - 62 km ESE of King Salmon, Alaska"},"geometry":{"type":"Point","coordinates":[-155.707,58.437,153.6]},"id":"aka2026tfdfhc"},
{"type":"Feature","properties":{"mag":5.1,"place":"78 km ENE of Tadine, New Caledonia","time":1790573288891,"updated":1790574508040,"tz":null,"url":"https://earthquake.usgs.gov/earthquakes/eventpage/us6000ty33","detail":"https://earthquake.usgs.gov/earthquakes/feed/v1.0/detail/us6000ty33.geojson","felt":null,"cdi":null,"mmi":null,"alert":null,"status":"reviewed","tsunami":0,"sig":400,"net":"us","code":"6000ty33","ids":",us6000ty33,","sources":",us,","types":",origin,phase-data,","nst":41,"dmin":1.732,"rms":0.67,"gap":120,"magType":"mb","type":"earthquake","title":"M 5.1 - 78 km ENE of Tadine, New Caledonia"},"geometry":{"type":"Point","coordinates":[168.5459,-21.2065,10]},"id":"us6000ty33"},
{"type":"Feature","properties":{"mag":4.6,"place":"northwest of the Kuril Islands","time":1790570576780,"updated":1790571469040,"tz":null,"url":"https://earthquake.usgs.gov/earthquakes/eventpage/us6000ty2w","detail":"https://earthquake.usgs.gov/earthquakes/feed/v1.0/detail/us6000ty2w.geojson","felt":null,"cdi":null,"mmi":null,"alert":null,"status":"reviewed","tsunami":0,"sig":326,"net":"us","code":"6000ty2w","ids":",us6000ty2w,","sources":",us,","types":",origin,phase-data,","nst":56,"dmin":5.623,"rms":0.92,"gap":135,"magType":"mb","type":"earthquake","title":"M 4.6 - northwest of the Kuril Islands"},"geometry":{"type":"Point","coordinates":[151.5708,49.0259,258.706]},"id":"us6000ty2w"},
{"type":"Feature","properties":{"mag":4.9,"place":"South Sandwich Islands region","time":1790570493467,"updated":1790572032040,"tz":null,"url":"https://earthquake.usgs.gov/earthquakes/eventpage/us6000ty2y","detail":"https://earthquake.usgs.gov/earthquakes/feed/v1.0/detail/us6000ty2y.geojson","felt":null,"cdi":null,"mmi":null,"alert":null,"status":"reviewed","tsunami":0,"sig":369,"net":"us","code":"6000ty2y","ids":",us6000ty2y,","sources":",us,","types":",origin,phase-data,","nst":43,"dmin":7.103,"rms":0.95,"gap":88,"magType":"mb","type":"earthquake","title":"M 4.9 - South Sandwich Islands region"},"geometry":{"type":"Point","coordinates":[-25.347,-57.6502,35]},"id":"us6000ty2y"},
{"type":"Feature","properties":{"mag":5.4,"place":"231 km WSW of Port McNeill, Canada","time":1790570481639,"updated":1790578055445,"tz":null,"url":"https://earthquake.usgs.gov/earthquakes/eventpage/us6000ty2u","detail":"https://earthquake.usgs.gov/earthquakes/feed/v1.0/detail/us6000ty2u.geojson","felt":1,"cdi":1,"mmi":0,"alert":"green","status":"reviewed","tsunami":1,"sig":449,"net":"us","code":"6000ty2u","ids":",us6000ty2u,attm2513,","sources":",us,at,","types":",dyfi,impact-link,losspager,moment-tensor,origin,phase-data,shakemap,","nst":40,"dmin":1.461,"rms":1.07,"gap":175,"magType":"mww","type":"earthquake","title":"M 5.4 - 231 km WSW of Port McNeill, Canada"},"geometry":{"type":"Point","coordinates":[-130.2208,50.0527,10]},"id":"us6000ty2u"},
{"type":"Feature","properties":{"mag":2.59,"place":"3 km SE of Galateo, Puerto Rico","time":1790567731610,"updated":1790569493360,"tz":null,"url":"https://earthquake.usgs.gov/earthquakes/eventpage/pr71534903","detail":"https://earthquake.usgs.gov/earthquakes/feed/v1.0/detail/pr71534903.geojson","felt":null,"cdi":null,"mmi":null,"alert":null,"status":"reviewed","tsunami":0,"sig":103,"net":"pr","code":"71534903","ids":",pr71534903,","sources":",pr,","types":",origin,phase-data,","nst":15,"dmin":0.1238,"rms":0.21,"gap":173,"magType":"md","type":"earthquake","title":"M 2.6 - 3 km SE of Galateo, Puerto Rico"},"geometry":{"type":"Point","coordinates":[-66.2358333333333,18.3465,66.53]},"id":"pr71534903"},
{"type":"Feature","properties":{"mag":2.8,"place":"45 km W of Salamatof, Alaska","time":1790567283007,"updated":1790568027040,"tz":null,"url":"https://earthquake.usgs.gov/earthquakes/eventpage/aka2026tezneu","detail":"https://earthquake.usgs.gov/earthquakes/feed/v1.0/detail/aka2026tezneu.geojson","felt":null,"cdi":null,"mmi":null,"alert":null,"status":"automatic","tsunami":0,"sig":121,"net":"ak","code":"a2026tezneu","ids":",us6000ty2d,aka2026tezneu,","sources":",us,ak,","types":",origin,phase-data,","nst":130,"dmin":0.1,"rms":0.8,"gap":38,"magType":"ml","type":"earthquake","title":"M 2.8 - 45 km W of Salamatof, Alaska"},"geometry":{"type":"Point","coordinates":[-152.135,60.558,89.8]},"id":"aka2026tezneu"},
{"type":"Feature","properties":{"mag":5.1,"place":"South Sandwich Islands region","time":1790567024172,"updated":1790567822040,"tz":null,"url":"https://earthquake.usgs.gov/earthquakes/eventpage/us6000ty2e","detail":"https://earthquake.usgs.gov/earthquakes/feed/v1.0/detail/us6000ty2e.geojson","felt":null,"cdi":null,"mmi":null,"alert":null,"status":"reviewed","tsunami":0,"sig":400,"net":"us","code":"6000ty2e","ids":",us6000ty2e,","sources":",us,","types":",origin,phase-data,","nst":59,"dmin":7.145,"rms":0.76,"gap":69,"magType":"mb","type":"earthquake","title":"M 5.1 - South Sandwich Islands region"},"geometry":{"type":"Point","coordinates":[-25.2785,-57.6701,35]},"id":"us6000ty2e"},
{"type":"Feature","properties":{"mag":5.3,"place":"60 km NE of Tadine, New Caledonia","time":1790565906893,"updated":1790573174040,"tz":null,"url":"https://earthquake.usgs.gov/earthquakes/eventpage/us6000ty2b","detail":"https://earthquake.usgs.gov/earthquakes/feed/v1.0/detail/us6000ty2b.geojson","felt":null,"cdi":null,"mmi":null,"alert":null,"status":"reviewed","tsunami":0,"sig":432,"net":"us","code":"6000ty2b","ids":",us6000ty2b,","sources":",us,","types":",moment-tensor,origin,phase-data,","nst":65,"dmin":1.618,"rms":0.83,"gap":72,"magType":"mww","type":"earthquake","title":"M 5.3 - 60 km NE of Tadine, New Caledonia"},"geometry":{"type":"Point","coordinates":[168.3545,-21.2245,10]},"id":"us6000ty2b"},
{"type":"Feature","properties":{"mag":4.9,"place":"195 km WSW of Port McNeill, Canada","time":1790564023974,"updated":1790567560040,"tz":null,"url":"https://earthquake.usgs.gov/earthquakes/eventpage/us6000ty27","detail":"https://earthquake.usgs.gov/earthquakes/feed/v1.0/detail/us6000ty27.geojson","felt":null,"cdi":null,"mmi":null,"alert":null,"status":"reviewed","tsunami":0,"sig":369,"net":"us","code":"6000ty27","ids":",us6000ty27,","sources":",us,","types":",origin,phase-data,","nst":58,"dmin":1.126,"rms":0.94,"gap":183,"magType":"mww","type":"earthquake","title":"M 4.9 - 195 km WSW of Port McNeill, Canada"},"geometry":{"type":"Point","coordinates":[-129.7765,50.2372,10]},"id":"us6000ty27"},
{"type":"Feature","properties":{"mag":2.5,"place":"52 km SSW of Whites City, New Mexico","time":1790558129698,"updated":1790579144945,"tz":null,"url":"https://earthquake.usgs.gov/earthquakes/eventpage/tx2026tbsorg","detail":"https://earthquake.usgs.gov/earthquakes/feed/v1.0/detail/tx2026tbsorg.geojson","felt":null,"cdi":null,"mmi":null,"alert":null,"status":"reviewed","tsunami":0,"sig":96,"net":"tx","code":"2026tbsorg","ids":",tx2026tbsorg,","sources":",tx,","types":",origin,phase-data,","nst":36,"dmin":0,"rms":0.2,"gap":71,"magType":"ml","type":"earthquake","title":"M 2.5 - 52 km SSW of Whites City, New Mexico"},"geometry":{"type":"Point","coordinates":[-104.505,31.717,5.7922]},"id":"tx2026tbsorg"},
{"type":"Feature","properties":{"mag":3.43,"place":"19 km SE of La Romana, Dominican Republic","time":1790557511190,"updated":1790578004702,"tz":null,"url":"https://earthquake.usgs.gov/earthquakes/eventpage/pr71534883","detail":"https://earthquake.usgs.gov/earthquakes/feed/v1.0/detail/pr71534883.geojson","felt":1,"cdi":2,"mmi":null,"alert":null,"status":"reviewed","tsunami":0,"sig":181,"net":"pr","code":"71534883","ids":",pr71534883,us6000ty1z,","sources":",pr,us,","types":",dyfi,origin,phase-data,","nst":28,"dmin":0.4865,"rms":0.43,"gap":180,"magType":"md","type":"earthquake","title":"M 3.4 - 19 km SE of La Romana, Dominican Republic"},"geometry":{"type":"Point","coordinates":[-68.8423333333333,18.3016666666667,156.59]},"id":"pr71534883"},
{"type":"Feature","properties":{"mag":3.1,"place":"45 km E of Pedro Bay, Alaska","time":1790557419496,"updated":1790559785040,"tz":null,"url":"https://earthquake.usgs.gov/earthquakes/eventpage/aka2026teuaqx","detail":"https://earthquake.usgs.gov/earthquakes/feed/v1.0/detail/aka2026teuaqx.geojson","felt":null,"cdi":null,"mmi":null,"alert":null,"status":"automatic","tsunami":0,"sig":148,"net":"ak","code":"a2026teuaqx","ids":",us6000ty1p,aka2026teuaqx,","sources":",us,ak,","types":",origin,phase-data,","nst":167,"dmin":0.1,"rms":1,"gap":54,"magType":"ml","type":"earthquake","title":"M 3.1 - 45 km E of Pedro Bay, Alaska"},"geometry":{"type":"Point","coordinates":[-153.303,59.816,139]},"id":"aka2026teuaqx"},
{"type":"Feature","properties":{"mag":4.9,"place":"43 km W of Palauig, Philippines","time":1790556883108,"updated":1790570770040,"tz":null,"url":"https://earthquake.usgs.gov/earthquakes/eventpage/us6000ty1l","detail":"https://earthquake.usgs.gov/earthquakes/feed/v1.0/detail/us6000ty1l.geojson","felt":null,"cdi":null,"mmi":null,"alert":null,"status":"reviewed","tsunami":0,"sig":369,"net":"us","code":"6000ty1l","ids":",us6000ty1l,","sources":",us,","types":",origin,phase-data,","nst":77,"dmin":7.894,"rms":0.66,"gap":120,"magType":"mb","type":"earthquake","title":"M 4.9 - 43 km W of Palauig, Philippines"},"geometry":{"type":"Point","coordinates":[119.503,15.4374,10]},"id":"us6000ty1l"},
{"type":"Feature","properties":{"mag":4.8,"place":"80 km E of Tadine, New Caledonia","time":1790556453083,"updated":1790568372040,"tz":null,"url":"https://earthquake.usgs.gov/earthquakes/eventpage/us6000ty1m","detail":"https://earthquake.usgs.gov/earthquakes/feed/v1.0/detail/us6000ty1m.geojson","felt":null,"cdi":null,"mmi":null,"alert":null,"status":"reviewed","tsunami":0,"sig":354,"net":"us","code":"6000ty1m","ids":",us6000ty1m,","sources":",us,","types":",origin,phase-data,","nst":30,"dmin":1.608,"rms":0.51,"gap":137,"magType":"mb","type":"earthquake","title":"M 4.8 - 80 km E of Tadine, New Caledonia"},"geometry":{"type":"Point","coordinates":[168.6452,-21.4457,10]},"id":"us6000ty1m"},
{"type":"Feature","properties":{"mag":4.5,"place":"74 km SE of Ossora, Russia","time":1790555879117,"updated":1790565651040,"tz":null,"url":"https://earthquake.usgs.gov/earthquakes/eventpage/us6000ty1j","detail":"https://earthquake.usgs.gov/earthquakes/feed/v1.0/detail/us6000ty1j.geojson","felt":null,"cdi":null,"mmi":null,"alert":null,"status":"reviewed","tsunami":0,"sig":312,"net":"us","code":"6000ty1j","ids":",us6000ty1j,","sources":",us,","types":",origin,phase-data,","nst":75,"dmin":6.63,"rms":0.91,"gap":76,"magType":"mb","type":"earthquake","title":"M 4.5 - 74 km SE of Ossora, Russia"},"geometry":{"type":"Point","coordinates":[163.9027,58.7371,10]},"id":"us6000ty1j"},
{"type":"Feature","properties":{"mag":2.6251904964447,"place":"23 km N of Trout Lake, Washington","time":1790554329480,"updated":1790576731444,"tz":null,"url":"https://earthquake.usgs.gov/earthquakes/eventpage/uw714110692","detail":"https://earthquake.usgs.gov/earthquakes/feed/v1.0/detail/uw714110692.geojson","felt":2,"cdi":2.2,"mmi":null,"alert":null,"status":"automatic","tsunami":0,"sig":106,"net":"uw","code":"714110692","ids":",uw714110692,us6000ty1d,","sources":",uw,us,","types":",dyfi,origin,phase-data,","nst":67,"dmin":0.08534,"rms":0.140000001,"gap":71,"magType":"ml","type":"earthquake","title":"M 2.6 - 23 km N of Trout Lake, Washington"},"geometry":{"type":"Point","coordinates":[-121.523498535156,46.2078323364258,2.26999998092651]},"id":"uw714110692"},
{"type":"Feature","properties":{"mag":4.5,"place":"Fiji region","time":1790553348800,"updated":1790563830040,"tz":null,"url":"https://earthquake.usgs.gov/earthquakes/eventpage/us6000ty1a","detail":"https://earthquake.usgs.gov/earthquakes/feed/v1.0/detail/us6000ty1a.geojson","felt":null,"cdi":null,"mmi":null,"alert":null,"status":"reviewed","tsunami":0,"sig":312,"net":"us","code":"6000ty1a","ids":",us6000ty1a,","sources":",us,","types":",origin,phase-data,","nst":31,"dmin":4.692,"rms":0.69,"gap":133,"magType":"mb","type":"earthquake","title":"M 4.5 - Fiji region"},"geometry":{"type":"Point","coordinates":[-179.7824,-21.9936,602.188]},"id":"us6000ty1a"},
{"type":"Feature","properties":{"mag":2.5,"place":"59 km WNW of Toyah, Texas","time":1790552752132,"updated":1790563116040,"tz":null,"url":"https://earthquake.usgs.gov/earthquakes/eventpage/us6000ty16","detail":"https://earthquake.usgs.gov/earthquakes/feed/v1.0/detail/us6000ty16.geojson","felt":null,"cdi":null,"mmi":null,"alert":null,"status":"reviewed","tsunami":0,"sig":96,"net":"us","code":"6000ty16","ids":",us6000ty16,","sources":",us,","types":",origin,phase-data,","nst":35,"dmin":0.166,"rms":0.36,"gap":62,"magType":"ml","type":"earthquake","title":"M 2.5 - 59 km WNW of Toyah, Texas"},"geometry":{"type":"Point","coordinates":[-104.3397,31.5754,9.988]},"id":"us6000ty16"},
{"type":"Feature","properties":{"mag":3.5,"place":"73 km SSW of Atka, Alaska","time":1790546942880,"updated":1790571950040,"tz":null,"url":"https://earthquake.usgs.gov/earthquakes/eventpage/us6000ty2n","detail":"https://earthquake.usgs.gov/earthquakes/feed/v1.0/detail/us6000ty2n.geojson","felt":null,"cdi":null,"mmi":2.335,"alert":null,"status":"reviewed","tsunami":0,"sig":188,"net":"us","code":"6000ty2n","ids":",aka2026teoffn,us6000ty2n,","sources":",ak,us,","types":",origin,phase-data,shakemap,","nst":34,"dmin":0.664,"rms":0.4,"gap":203,"magType":"ml","type":"earthquake","title":"M 3.5 - 73 km SSW of Atka, Alaska"},"geometry":{"type":"Point","coordinates":[-174.5615,51.5777,10]},"id":"us6000ty2n"},
{"type":"Feature","properties":{"mag":4.6,"place":"19 km SW of Sipí, Colombia","time":1790546272827,"updated":1790549090040,"tz":null,"url":"https://earthquake.usgs.gov/earthquakes/eventpage/us6000ty0u","detail":"https://earthquake.usgs.gov/earthquakes/feed/v1.0/detail/us6000ty0u.geojson","felt":null,"cdi":null,"mmi":null,"alert":null,"status":"reviewed","tsunami":0,"sig":326,"net":"us","code":"6000ty0u","ids":",us6000ty0u,","sources":",us,","types":",origin,phase-data,","nst":43,"dmin":2.063,"rms":0.67,"gap":89,"magType":"mb","type":"earthquake","title":"M 4.6 - 19 km SW of Sipí, Colombia"},"geometry":{"type":"Point","coordinates":[-76.7753,4.5313,70.497]},"id":"us6000ty0u"},
{"type":"Feature","properties":{"mag":2.6,"place":"37 km ENE of Chase, Alaska","time":1790546016911,"updated":1790547428040,"tz":null,"url":"https://earthquake.usgs.gov/earthquakes/eventpage/aka2026tenrvu","detail":"https://earthquake.usgs.gov/earthquakes/feed/v1.0/detail/aka2026tenrvu.geojson","felt":null,"cdi":null,"mmi":null,"alert":null,"status":"automatic","tsunami":0,"sig":104,"net":"ak","code":"a2026tenrvu","ids":",us6000ty0r,aka2026tenrvu,","sources":",us,ak,","types":",origin,phase-data,","nst":87,"dmin":0.4,"rms":0.9,"gap":27,"magType":"ml","type":"earthquake","title":"M 2.6 - 37 km ENE of Chase, Alaska"},"geometry":{"type":"Point","coordinates":[-149.453,62.611,61.7]},"id":"aka2026tenrvu"},
{"type":"Feature","properties":{"mag":4.8,"place":"2 km W of Guaymate, Dominican Republic","time":1790545788024,"updated":1790568456359,"tz":null,"url":"https://earthquake.usgs.gov/earthquakes/eventpage/us6000ty0q","detail":"https://earthquake.usgs.gov/earthquakes/feed/v1.0/detail/us6000ty0q.geojson","felt":210,"cdi":3.8,"mmi":null,"alert":null,"status":"reviewed","tsunami":0,"sig":434,"net":"us","code":"6000ty0q","ids":",pt26270050,us6000ty0q,","sources":",pt,us,","types":",dyfi,moment-tensor,origin,phase-data,","nst":77,"dmin":0.59,"rms":0.71,"gap":57,"magType":"mww","type":"earthquake","title":"M 4.8 - 2 km W of Guaymate, Dominican Republic"},"geometry":{"type":"Point","coordinates":[-68.9986,18.5869,119.235]},"id":"us6000ty0q"},
{"type":"Feature","properties":{"mag":3.3,"place":"271 km SE of Sand Point, Alaska","time":1790544980167,"updated":1790571615040,"tz":null,"url":"https://earthquake.usgs.gov/earthquakes/eventpage/us6000ty2m","detail":"https://earthquake.usgs.gov/earthquakes/feed/v1.0/detail/us6000ty2m.geojson","felt":null,"cdi":null,"mmi":null,"alert":null,"status":"reviewed","tsunami":0,"sig":168,"net":"us","code":"6000ty2m","ids":",aka2026tencgw,us6000ty2m,","sources":",ak,us,","types":",origin,phase-data,","nst":52,"dmin":2.698,"rms":0.82,"gap":244,"magType":"ml","type":"earthquake","title":"M 3.3 - 271 km SE of Sand Point, Alaska"},"geometry":{"type":"Point","coordinates":[-157.7326,53.511,10]},"id":"us6000ty2m"},
{"type":"Feature","properties":{"mag":2.6,"place":"73 km NNE of Petersville, Alaska","time":1790543833242,"updated":1790544059286,"tz":null,"url":"https://earthquake.usgs.gov/earthquakes/eventpage/aka2026temmhr","detail":"https://earthquake.usgs.gov/earthquakes/feed/v1.0/detail/aka2026temmhr.geojson","felt":null,"cdi":null,"mmi":null,"alert":null,"status":"automatic","tsunami":0,"sig":104,"net":"ak","code":"a2026temmhr","ids":",aka2026temmhr,","sources":",ak,","types":",origin,phase-data,","nst":78,"dmin":0.6,"rms":0.6,"gap":30,"magType":"ml","type":"earthquake","title":"M 2.6 - 73 km NNE of Petersville, Alaska"},"geometry":{"type":"Point","coordinates":[-150.41,63.139,111.7]},"id":"aka2026temmhr"},
{"type":"Feature","properties":{"mag":4.5,"place":"0 km ESE of Naisano Dua, Indonesia","time":1790543691832,"updated":1790557295040,"tz":null,"url":"https://earthquake.usgs.gov/earthquakes/eventpage/us6000ty0k","detail":"https://earthquake.usgs.gov/earthquakes/feed/v1.0/detail/us6000ty0k.geojson","felt":null,"cdi":null,"mmi":null,"alert":null,"status":"reviewed","tsunami":0,"sig":312,"net":"us","code":"6000ty0k","ids":",us6000ty0k,","sources":",us,","types":",origin,phase-data,","nst":19,"dmin":6.056,"rms":0.69,"gap":163,"magType":"mb","type":"earthquake","title":"M 4.5 - 0 km ESE of Naisano Dua, Indonesia"},"geometry":{"type":"Point","coordinates":[123.7756,-9.5995,35]},"id":"us6000ty0k"},
{"type":"Feature","properties":{"mag":5,"place":"South Sandwich Islands region","time":1790543613366,"updated":1790545669040,"tz":null,"url":"https://earthquake.usgs.gov/earthquakes/eventpage/us6000ty0j","detail":"https://earthquake.usgs.gov/earthquakes/feed/v1.0/detail/us6000ty0j.geojson","felt":null,"cdi":null,"mmi":null,"alert":null,"status":"reviewed","tsunami":0,"sig":385,"net":"us","code":"6000ty0j","ids":",us6000ty0j,","sources":",us,","types":",origin,phase-data,","nst":73,"dmin":7.542,"rms":0.57,"gap":39,"magType":"mb","type":"earthquake","title":"M 5.0 - South Sandwich Islands region"},"geometry":{"type":"Point","coordinates":[-25.8945,-59.0586,103.838]},"id":"us6000ty0j"},
{"type":"Feature","properties":{"mag":4.4,"place":"259 km S of Severo-Kuril’sk, Russia","time":1790542162298,"updated":1790543333040,"tz":null,"url":"https://earthquake.usgs.gov/earthquakes/eventpage/us6000ty0g","detail":"https://earthquake.usgs.gov/earthquakes/feed/v1.0/detail/us6000ty0g.geojson","felt":null,"cdi":null,"mmi":null,"alert":null,"status":"reviewed","tsunami":0,"sig":298,"net":"us","code":"6000ty0g","ids":",us6000ty0g,","sources":",us,","types":",origin,phase-data,","nst":32,"dmin":4.768,"rms":0.54,"gap":138,"magType":"mb","type":"earthquake","title":"M 4.4 - 259 km S of Severo-Kuril’sk, Russia"},"geometry":{"type":"Point","coordinates":[156.784,48.3813,10]},"id":"us6000ty0g"},
{"type":"Feature","properties":{"mag":4.1,"place":"28 km NNE of Whakatane, New Zealand","time":1790542160425,"updated":1790543025040,"tz":null,"url":"https://earthquake.usgs.gov/earthquakes/eventpage/us6000ty0e","detail":"https://earthquake.usgs.gov/earthquakes/feed/v1.0/detail/us6000ty0e.geojson","felt":null,"cdi":null,"mmi":null,"alert":null,"status":"reviewed","tsunami":0,"sig":259,"net":"us","code":"6000ty0e","ids":",us6000ty0e,","sources":",us,","types":",origin,phase-data,","nst":19,"dmin":0.906,"rms":0.76,"gap":139,"magType":"mb","type":"earthquake","title":"M 4.1 - 28 km NNE of Whakatane, New Zealand"},"geometry":{"type":"Point","coordinates":[177.0583,-37.7103,153.508]},"id":"us6000ty0e"},
{"type":"Feature","properties":{"mag":4.1,"place":"Kermadec Islands region","time":1790537612354,"updated":1790538639040,"tz":null,"url":"https://earthquake.usgs.gov/earthquakes/eventpage/us6000ty06","detail":"https://earthquake.usgs.gov/earthquakes/feed/v1.0/detail/us6000ty06.geojson","felt":null,"cdi":null,"mmi":null,"alert":null,"status":"reviewed","tsunami":0,"sig":259,"net":"us","code":"6000ty06","ids":",us6000ty06,","sources":",us,","types":",origin,phase-data,","nst":22,"dmin":2.742,"rms":0.83,"gap":141,"magType":"mb","type":"earthquake","title":"M 4.1 - Kermadec Islands region"},"geometry":{"type":"Point","coordinates":[-179.8762,-31.4171,354.409]},"id":"us6000ty06"},
{"type":"Feature","properties":{"mag":2.63,"place":"9 km NW of Redwood Valley, CA","time":1790536236830,"updated":1790565991758,"tz":null,"url":"https://earthquake.usgs.gov/earthquakes/eventpage/nc75443252","detail":"https://earthquake.usgs.gov/earthquakes/feed/v1.0/detail/nc75443252.geojson","felt":7,"cdi":2.7,"mmi":null,"alert":null,"status":"automatic","tsunami":0,"sig":108,"net":"nc","code":"75443252","ids":",nc75443252,","sources":",nc,","types":",dyfi,focal-mechanism,nearby-cities,origin,phase-data,scitech-link,","nst":36,"dmin":0.05951,"rms":0.11,"gap":49,"magType":"md","type":"earthquake","title":"M 2.6 - 9 km NW of Redwood Valley, CA"},"geometry":{"type":"Point","coordinates":[-123.270164489746,39.3238334655762,-0.379999995231628]},"id":"nc75443252"},
{"type":"Feature","properties":{"mag":4.4,"place":"20 km SSE of Chaitén, Chile","time":1790535343715,"updated":1790558343492,"tz":null,"url":"https://earthquake.usgs.gov/earthquakes/eventpage/us6000ty01","detail":"https://earthquake.usgs.gov/earthquakes/feed/v1.0/detail/us6000ty01.geojson","felt":3,"cdi":4.1,"mmi":null,"alert":null,"status":"reviewed","tsunami":0,"sig":299,"net":"us","code":"6000ty01","ids":",us6000ty01,","sources":",us,","types":",dyfi,origin,phase-data,","nst":19,"dmin":0.576,"rms":0.42,"gap":135,"magType":"mb","type":"earthquake","title":"M 4.4 - 20 km SSE of Chaitén, Chile"},"geometry":{"type":"Point","coordinates":[-72.6225,-43.0862,10]},"id":"us6000ty01"},
{"type":"Feature","properties":{"mag":4.5,"place":"78 km N of Daocheng, China","time":1790533809687,"updated":1790535982040,"tz":null,"url":"https://earthquake.usgs.gov/earthquakes/eventpage/us6000txzx","detail":"https://earthquake.usgs.gov/earthquakes/feed/v1.0/detail/us6000txzx.geojson","felt":null,"cdi":null,"mmi":null,"alert":null,"status":"reviewed","tsunami":0,"sig":312,"net":"us","code":"6000txzx","ids":",us6000txzx,","sources":",us,","types":",origin,phase-data,","nst":51,"dmin":6.833,"rms":0.56,"gap":99,"magType":"mb","type":"earthquake","title":"M 4.5 - 78 km N of Daocheng, China"},"geometry":{"type":"Point","coordinates":[100.2661,29.7444,10]},"id":"us6000txzx"},
{"type":"Feature","properties":{"mag":3.03,"place":"136 km ENE of Honomu, Hawaii","time":1790533632750,"updated":1790551951060,"tz":null,"url":"https://earthquake.usgs.gov/earthquakes/eventpage/hv74000254","detail":"https://earthquake.usgs.gov/earthquakes/feed/v1.0/detail/hv74000254.geojson","felt":null,"cdi":null,"mmi":null,"alert":null,"status":"reviewed","tsunami":0,"sig":141,"net":"hv","code":"74000254","ids":",hv74000254,","sources":",hv,","types":",origin,phase-data,","nst":46,"dmin":1.244,"rms":0.18,"gap":301,"magType":"ml","type":"earthquake","title":"M 3.0 - 136 km ENE of Honomu, Hawaii"},"geometry":{"type":"Point","coordinates":[-153.956166666667,20.4358333333333,29.37]},"id":"hv74000254"},
{"type":"Feature","properties":{"mag":2.6,"place":"65 km ENE of Pedro Bay, Alaska","time":1790528288186,"updated":1790529944040,"tz":null,"url":"https://earthquake.usgs.gov/earthquakes/eventpage/aka2026tedvrp","detail":"https://earthquake.usgs.gov/earthquakes/feed/v1.0/detail/aka2026tedvrp.geojson","felt":null,"cdi":null,"mmi":null,"alert":null,"status":"automatic","tsunami":0,"sig":104,"net":"ak","code":"a2026tedvrp","ids":",us6000txzm,aka2026tedvrp,","sources":",us,ak,","types":",origin,phase-data,","nst":117,"dmin":0,"rms":0.7,"gap":52,"magType":"ml","type":"earthquake","title":"M 2.6 - 65 km ENE of Pedro Bay, Alaska"},"geometry":{"type":"Point","coordinates":[-152.981,59.957,127.9]},"id":"aka2026tedvrp"},
{"type":"Feature","properties":{"mag":5,"place":"191 km NW of Oula Xiuma, China","time":1790527390268,"updated":1790528479040,"tz":null,"url":"https://earthquake.usgs.gov/earthquakes/eventpage/us6000txzj","detail":"https://earthquake.usgs.gov/earthquakes/feed/v1.0/detail/us6000txzj.geojson","felt":null,"cdi":null,"mmi":null,"alert":null,"status":"reviewed","tsunami":0,"sig":385,"net":"us","code":"6000txzj","ids":",us6000txzj,","sources":",us,","types":",origin,phase-data,","nst":55,"dmin":3.42,"rms":0.99,"gap":69,"magType":"mb","type":"earthquake","title":"M 5.0 - 191 km NW of Oula Xiuma, China"},"geometry":{"type":"Point","coordinates":[99.5536,35.3861,10]},"id":"us6000txzj"},
{"type":"Feature","properties":{"mag":2.5,"place":"57 km SSW of Whites City, New Mexico","time":1790524355119,"updated":1790526406040,"tz":null,"url":"https://earthquake.usgs.gov/earthquakes/eventpage/us6000txzg","detail":"https://earthquake.usgs.gov/earthquakes/feed/v1.0/detail/us6000txzg.geojson","felt":null,"cdi":null,"mmi":null,"alert":null,"status":"reviewed","tsunami":0,"sig":96,"net":"us","code":"6000txzg","ids":",us6000txzg,","sources":",us,","types":",origin,phase-data,","nst":23,"dmin":0.081,"rms":0.4,"gap":83,"magType":"ml","type":"earthquake","title":"M 2.5 - 57 km SSW of Whites City, New Mexico"},"geometry":{"type":"Point","coordinates":[-104.5925,31.6886,6.499]},"id":"us6000txzg"},
{"type":"Feature","properties":{"mag":2.6,"place":"15 km E of Socorro, New Mexico","time":1790523909410,"updated":1790531405345,"tz":null,"url":"https://earthquake.usgs.gov/earthquakes/eventpage/us6000txze","detail":"https://earthquake.usgs.gov/earthquakes/feed/v1.0/detail/us6000txze.geojson","felt":1,"cdi":2.7,"mmi":null,"alert":null,"status":"reviewed","tsunami":0,"sig":104,"net":"us","code":"6000txze","ids":",us6000txze,","sources":",us,","types":",dyfi,origin,phase-data,","nst":14,"dmin":0.114,"rms":0.5,"gap":96,"magType":"ml","type":"earthquake","title":"M 2.6 - 15 km E of Socorro, New Mexico"},"geometry":{"type":"Point","coordinates":[-106.7188,34.0659,5]},"id":"us6000txze"},
{"type":"Feature","properties":{"mag":2.9,"place":"124 km SSE of Ugashik, Alaska","time":1790523759408,"updated":1790525444040,"tz":null,"url":"https://earthquake.usgs.gov/earthquakes/eventpage/aka2026tebiel","detail":"https://earthquake.usgs.gov/earthquakes/feed/v1.0/detail/aka2026tebiel.geojson","felt":null,"cdi":null,"mmi":null,"alert":null,"status":"automatic","tsunami":0,"sig":129,"net":"ak","code":"a2026tebiel","ids":",us6000txzd,aka2026tebiel,","sources":",us,ak,","types":",origin,phase-data,","nst":55,"dmin":1,"rms":0.6,"gap":162,"magType":"ml","type":"earthquake","title":"M 2.9 - 124 km SSE of Ugashik, Alaska"},"geometry":{"type":"Point","coordinates":[-156.301,56.568,4.4]},"id":"aka2026tebiel"},
{"type":"Feature","properties":{"mag":3.55404092525043,"place":"6 km WSW of Hermosa Beach, CA","time":1790523601580,"updated":1790578489597,"tz":null,"url":"https://earthquake.usgs.gov/earthquakes/eventpage/ci41339927","detail":"https://earthquake.usgs.gov/earthquakes/feed/v1.0/detail/ci41339927.geojson","felt":2096,"cdi":3.4,"mmi":3.461,"alert":null,"status":"reviewed","tsunami":0,"sig":534,"net":"ci","code":"41339927","ids":",ci41339927,us6000txzc,","sources":",ci,us,","types":",dyfi,focal-mechanism,nearby-cities,origin,phase-data,scitech-link,shakemap,","nst":129,"dmin":0.1029,"rms":0.300000012,"gap":52,"magType":"mw","type":"earthquake","title":"M 3.6 - 6 km WSW of Hermosa Beach, CA"},"geometry":{"type":"Point","coordinates":[-118.464996337891,33.844165802002,11.8500003814697]},"id":"ci41339927"},
{"type":"Feature","properties":{"mag":2.63,"place":"26 km WSW of Westley, CA","time":1790520046580,"updated":1790526141718,"tz":null,"url":"https://earthquake.usgs.gov/earthquakes/eventpage/nc75443112","detail":"https://earthquake.usgs.gov/earthquakes/feed/v1.0/detail/nc75443112.geojson","felt":0,"cdi":1,"mmi":null,"alert":null,"status":"automatic","tsunami":0,"sig":106,"net":"nc","code":"75443112","ids":",nc75443112,","sources":",nc,","types":",dyfi,focal-mechanism,nearby-cities,origin,phase-data,scitech-link,","nst":59,"dmin":0.04655,"rms":0.12,"gap":77,"magType":"md","type":"earthquake","title":"M 2.6 - 26 km WSW of Westley, CA"},"geometry":{"type":"Point","coordinates":[-121.45532989502,37.4211654663086,2.70000004768372]},"id":"nc75443112"},
{"type":"Feature","properties":{"mag":3.32,"place":"27 km WSW of Westley, CA","time":1790518910350,"updated":1790555923985,"tz":null,"url":"https://earthquake.usgs.gov/earthquakes/eventpage/nc75443097","detail":"https://earthquake.usgs.gov/earthquakes/feed/v1.0/detail/nc75443097.geojson","felt":15,"cdi":2,"mmi":3.618,"alert":null,"status":"reviewed","tsunami":0,"sig":173,"net":"nc","code":"75443097","ids":",nc75443097,us6000txz3,","sources":",nc,us,","types":",dyfi,focal-mechanism,moment-tensor,nearby-cities,origin,phase-data,scitech-link,shakemap,","nst":81,"dmin":0.0491,"rms":0.11,"gap":69,"magType":"mw","type":"earthquake","title":"M 3.3 - 27 km WSW of Westley, CA"},"geometry":{"type":"Point","coordinates":[-121.455497741699,37.417667388916,2.41000008583069]},"id":"nc75443097"},
{"type":"Feature","properties":{"mag":2.55,"place":"28 km NW of Preston, Nevada","time":1790517382154,"updated":1790517562131,"tz":null,"url":"https://earthquake.usgs.gov/earthquakes/eventpage/nn00924959","detail":"https://earthquake.usgs.gov/earthquakes/feed/v1.0/detail/nn00924959.geojson","felt":null,"cdi":null,"mmi":null,"alert":null,"status":"automatic","tsunami":0,"sig":100,"net":"nn","code":"00924959","ids":",nn00924959,","sources":",nn,","types":",origin,phase-data,","nst":10,"dmin":1.638,"rms":0.2626,"gap":92,"magType":"ml","type":"earthquake","title":"M 2.6 - 28 km NW of Preston, Nevada"},"geometry":{"type":"Point","coordinates":[-115.2896,39.1025,0.9586]},"id":"nn00924959"},
{"type":"Feature","properties":{"mag":3.11,"place":"12 km SSE of Fern Forest, Hawaii","time":1790515835860,"updated":1790545836410,"tz":null,"url":"https://earthquake.usgs.gov/earthquakes/eventpage/hv75044217","detail":"https://earthquake.usgs.gov/earthquakes/feed/v1.0/detail/hv75044217.geojson","felt":7,"cdi":3.1,"mmi":3.649,"alert":null,"status":"reviewed","tsunami":0,"sig":151,"net":"hv","code":"75044217","ids":",hv75044217,us6000txz0,","sources":",hv,us,","types":",dyfi,origin,phase-data,shakemap,","nst":36,"dmin":0.02762,"rms":0.09,"gap":133,"magType":"ml","type":"earthquake","title":"M 3.1 - 12 km SSE of Fern Forest, Hawaii"},"geometry":{"type":"Point","coordinates":[-155.081333333333,19.364,7.61]},"id":"hv75044217"},
{"type":"Feature","properties":{"mag":3,"place":"71 km WNW of Petersville, Alaska","time":1790513585943,"updated":1790514573040,"tz":null,"url":"https://earthquake.usgs.gov/earthquakes/eventpage/aka2026tdvrey","detail":"https://earthquake.usgs.gov/earthquakes/feed/v1.0/detail/aka2026tdvrey.geojson","felt":null,"cdi":null,"mmi":null,"alert":null,"status":"automatic","tsunami":0,"sig":138,"net":"ak","code":"a2026tdvrey","ids":",us6000txys,aka2026tdvrey,","sources":",us,ak,","types":",origin,phase-data,","nst":103,"dmin":0.6,"rms":1.4,"gap":35,"magType":"ml","type":"earthquake","title":"M 3.0 - 71 km WNW of Petersville, Alaska"},"geometry":{"type":"Point","coordinates":[-152.116,62.647,5]},"id":"aka2026tdvrey"},
{"type":"Feature","properties":{"mag":2.8,"place":"6 km NNE of Tatums, Oklahoma","time":1790509940278,"updated":1790516186040,"tz":null,"url":"https://earthquake.usgs.gov/earthquakes/eventpage/us6000txyi","detail":"https://earthquake.usgs.gov/earthquakes/feed/v1.0/detail/us6000txyi.geojson","felt":null,"cdi":null,"mmi":null,"alert":null,"status":"reviewed","tsunami":0,"sig":121,"net":"us","code":"6000txyi","ids":",us6000txyi,","sources":",us,","types":",origin,phase-data,","nst":25,"dmin":1.145,"rms":0.83,"gap":75,"magType":"mb_lg","type":"earthquake","title":"M 2.8 - 6 km NNE of Tatums, Oklahoma"},"geometry":{"type":"Point","coordinates":[-97.4397,34.5353,9.328]},"id":"us6000txyi"},
{"type":"Feature","properties":{"mag":4.3,"place":"Iceland region","time":1790506627641,"updated":1790509124040,"tz":null,"url":"https://earthquake.usgs.gov/earthquakes/eventpage/us6000txyf","detail":"https://earthquake.usgs.gov/earthquakes/feed/v1.0/detail/us6000txyf.geojson","felt":null,"cdi":null,"mmi":null,"alert":null,"status":"reviewed","tsunami":0,"sig":284,"net":"us","code":"6000txyf","ids":",us6000txyf,","sources":",us,","types":",origin,phase-data,","nst":62,"dmin":2.275,"rms":1.16,"gap":42,"magType":"mb","type":"earthquake","title":"M 4.3 - Iceland region"},"geometry":{"type":"Point","coordinates":[-17.2234,68.9242,10]},"id":"us6000txyf"},
{"type":"Feature","properties":{"mag":4.2,"place":"4 km NNE of Mangatainoka, New Zealand","time":1790505121985,"updated":1790512806028,"tz":null,"url":"https://earthquake.usgs.gov/earthquakes/eventpage/us6000txyd","detail":"https://earthquake.usgs.gov/earthquakes/feed/v1.0/detail/us6000txyd.geojson","felt":1,"cdi":3.8,"mmi":null,"alert":null,"status":"reviewed","tsunami":0,"sig":272,"net":"us","code":"6000txyd","ids":",us6000txyd,","sources":",us,","types":",dyfi,origin,phase-data,","nst":44,"dmin":0.321,"rms":1.19,"gap":58,"magType":"mb","type":"earthquake","title":"M 4.2 - 4 km NNE of Mangatainoka, New Zealand"},"geometry":{"type":"Point","coordinates":[175.8819,-40.3738,48.51]},"id":"us6000txyd"},
{"type":"Feature","properties":{"mag":4.4,"place":"259 km WSW of Adak, Alaska","time":1790505026420,"updated":1790538213282,"tz":null,"url":"https://earthquake.usgs.gov/earthquakes/eventpage/us6000txye","detail":"https://earthquake.usgs.gov/earthquakes/feed/v1.0/detail/us6000txye.geojson","felt":null,"cdi":null,"mmi":3.297,"alert":null,"status":"reviewed","tsunami":0,"sig":298,"net":"us","code":"6000txye","ids":",us6000txye,aka2026tdqxmf,","sources":",us,ak,","types":",origin,phase-data,shakemap,","nst":71,"dmin":0.325,"rms":0.69,"gap":177,"magType":"mb","type":"earthquake","title":"M 4.4 - 259 km WSW of Adak, Alaska"},"geometry":{"type":"Point","coordinates":[179.7625,51.2307,18.012]},"id":"us6000txye"},
{"type":"Feature","properties":{"mag":4.2,"place":"13 km SSW of Bayaguana, Dominican Republic","time":1790503628075,"updated":1790554423136,"tz":null,"url":"https://earthquake.usgs.gov/earthquakes/eventpage/us6000txya","detail":"https://earthquake.usgs.gov/earthquakes/feed/v1.0/detail/us6000txya.geojson","felt":30,"cdi":3.1,"mmi":null,"alert":null,"status":"reviewed","tsunami":0,"sig":281,"net":"us","code":"6000txya","ids":",us6000txya,","sources":",us,","types":",dyfi,origin,phase-data,","nst":74,"dmin":0.332,"rms":0.91,"gap":101,"magType":"mb","type":"earthquake","title":"M 4.2 - 13 km SSW of Bayaguana, Dominican Republic"},"geometry":{"type":"Point","coordinates":[-69.6988,18.647,98.093]},"id":"us6000txya"},
{"type":"Feature","properties":{"mag":4.1,"place":"20 km W of Preston, Nevada","time":1790499247495,"updated":1790564659032,"tz":null,"url":"https://earthquake.usgs.gov/earthquakes/eventpage/nn00924954","detail":"https://earthquake.usgs.gov/earthquakes/feed/v1.0/detail/nn00924954.geojson","felt":1,"cdi":1,"mmi":3.93,"alert":"green","status":"reviewed","tsunami":0,"sig":259,"net":"nn","code":"00924954","ids":",nn00924954,us6000txxy,","sources":",nn,us,","types":",dyfi,event-sequence,losspager,moment-tensor,oaf,origin,phase-data,shakemap,","nst":6,"dmin":0.383,"rms":0.195,"gap":199,"magType":"mwr","type":"earthquake","title":"M 4.1 - 20 km W of Preston, Nevada"},"geometry":{"type":"Point","coordinates":[-115.2989,38.9229,6]},"id":"nn00924954"},
{"type":"Feature","properties":{"mag":2.56,"place":"20 km W of Preston, Nevada","time":1790497553538,"updated":1790561094936,"tz":null,"url":"https://earthquake.usgs.gov/earthquakes/eventpage/nn00924951","detail":"https://earthquake.usgs.gov/earthquakes/feed/v1.0/detail/nn00924951.geojson","felt":null,"cdi":null,"mmi":null,"alert":null,"status":"reviewed","tsunami":0,"sig":101,"net":"nn","code":"00924951","ids":",us6000txxs,nn00924951,","sources":",us,nn,","types":",origin,phase-data,","nst":6,"dmin":0.382,"rms":0.1554,"gap":201,"magType":"ml","type":"earthquake","title":"M 2.6 - 20 km W of Preston, Nevada"},"geometry":{"type":"Point","coordinates":[-115.3013,38.9316,4.233]},"id":"nn00924951"},
{"type":"Feature","properties":{"mag":4.6,"place":"Rat Islands, Aleutian Islands, Alaska","time":1790495291749,"updated":1790496341040,"tz":null,"url":"https://earthquake.usgs.gov/earthquakes/eventpage/us6000txxm","detail":"https://earthquake.usgs.gov/earthquakes/feed/v1.0/detail/us6000txxm.geojson","felt":null,"cdi":null,"mmi":3.291,"alert":null,"status":"reviewed","tsunami":0,"sig":326,"net":"us","code":"6000txxm","ids":",aka2026tdlmve,us6000txxm,","sources":",ak,us,","types":",origin,phase-data,shakemap,","nst":57,"dmin":0.475,"rms":0.78,"gap":127,"magType":"mb","type":"earthquake","title":"M 4.6 - Rat Islands, Aleutian Islands, Alaska"},"geometry":{"type":"Point","coordinates":[179.3215,50.9044,46.522]},"id":"us6000txxm"},
{"type":"Feature","properties":{"mag":3.45,"place":"21 km W of Preston, Nevada","time":1790493533582,"updated":1790561076054,"tz":null,"url":"https://earthquake.usgs.gov/earthquakes/eventpage/nn00924939","detail":"https://earthquake.usgs.gov/earthquakes/feed/v1.0/detail/nn00924939.geojson","felt":null,"cdi":null,"mmi":null,"alert":null,"status":"reviewed","tsunami":0,"sig":183,"net":"nn","code":"00924939","ids":",us6000txxg,nn00924939,","sources":",us,nn,","types":",origin,phase-data,","nst":7,"dmin":0.391,"rms":0.1205,"gap":201,"magType":"ml","type":"earthquake","title":"M 3.5 - 21 km W of Preston, Nevada"},"geometry":{"type":"Point","coordinates":[-115.3111,38.9253,3.8801]},"id":"nn00924939"},
{"type":"Feature","properties":{"mag":2.97,"place":"20 km W of Preston, Nevada","time":1790493178421,"updated":1790561061526,"tz":null,"url":"https://earthquake.usgs.gov/earthquakes/eventpage/nn00924934","detail":"https://earthquake.usgs.gov/earthquakes/feed/v1.0/detail/nn00924934.geojson","felt":null,"cdi":null,"mmi":null,"alert":null,"status":"reviewed","tsunami":0,"sig":136,"net":"nn","code":"00924934","ids":",us6000txxl,nn00924934,","sources":",us,nn,","types":",origin,phase-data,","nst":7,"dmin":0.384,"rms":0.1688,"gap":200,"magType":"ml","type":"earthquake","title":"M 3.0 - 20 km W of Preston, Nevada"},"geometry":{"type":"Point","coordinates":[-115.3002,38.9231,3.5438]},"id":"nn00924934"},
{"type":"Feature","properties":{"mag":4.07,"place":"21 km W of Preston, Nevada","time":1790492501497,"updated":1790579215324,"tz":null,"url":"https://earthquake.usgs.gov/earthquakes/eventpage/nn00924930","detail":"https://earthquake.usgs.gov/earthquakes/feed/v1.0/detail/nn00924930.geojson","felt":7,"cdi":4.3,"mmi":4.001,"alert":"green","status":"reviewed","tsunami":0,"sig":258,"net":"nn","code":"00924930","ids":",us6000txxb,nn00924930,","sources":",us,nn,","types":",dyfi,losspager,moment-tensor,origin,phase-data,shakemap,","nst":8,"dmin":0.387,"rms":0.1758,"gap":121,"magType":"mwr","type":"earthquake","title":"M 4.1 - 21 km W of Preston, Nevada"},"geometry":{"type":"Point","coordinates":[-115.3083,38.9319,6]},"id":"nn00924930"},
{"type":"Feature","properties":{"mag":2.9,"place":"16 km NW of Fishhook, Alaska","time":1790491298974,"updated":1790523196585,"tz":null,"url":"https://earthquake.usgs.gov/earthquakes/eventpage/aka2026tdjhdl","detail":"https://earthquake.usgs.gov/earthquakes/feed/v1.0/detail/aka2026tdjhdl.geojson","felt":1,"cdi":1,"mmi":null,"alert":null,"status":"automatic","tsunami":0,"sig":129,"net":"ak","code":"a2026tdjhdl","ids":",aka2026tdjhdl,us6000txx7,","sources":",ak,us,","types":",dyfi,origin,phase-data,","nst":92,"dmin":0.3,"rms":0.8,"gap":29,"magType":"ml","type":"earthquake","title":"M 2.9 - 16 km NW of Fishhook, Alaska"},"geometry":{"type":"Point","coordinates":[-149.436,61.854,15.5]},"id":"aka2026tdjhdl"},
{"type":"Feature","properties":{"mag":3.5,"place":"227 km SE of Chiniak, Alaska","time":1790486841463,"updated":1790493524040,"tz":null,"url":"https://earthquake.usgs.gov/earthquakes/eventpage/us6000txwz","detail":"https://earthquake.usgs.gov/earthquakes/feed/v1.0/detail/us6000txwz.geojson","felt":null,"cdi":null,"mmi":1,"alert":null,"status":"reviewed","tsunami":0,"sig":188,"net":"us","code":"6000txwz","ids":",us6000txwz,aka2026tdguku,","sources":",us,ak,","types":",origin,phase-data,shakemap,","nst":29,"dmin":2.288,"rms":0.55,"gap":233,"magType":"ml","type":"earthquake","title":"M 3.5 - 227 km SE of Chiniak, Alaska"},"geometry":{"type":"Point","coordinates":[-149.7401,56.1117,10]},"id":"us6000txwz"},
{"type":"Feature","properties":{"mag":4.9,"place":"159 km ESE of Gizo, Solomon Islands","time":1790485188847,"updated":1790486255040,"tz":null,"url":"https://earthquake.usgs.gov/earthquakes/eventpage/us6000txwy","detail":"https://earthquake.usgs.gov/earthquakes/feed/v1.0/detail/us6000txwy.geojson","felt":null,"cdi":null,"mmi":null,"alert":null,"status":"reviewed","tsunami":0,"sig":369,"net":"us","code":"6000txwy","ids":",us6000txwy,","sources":",us,","types":",origin,phase-data,","nst":23,"dmin":7.486,"rms":0.95,"gap":101,"magType":"mb","type":"earthquake","title":"M 4.9 - 159 km ESE of Gizo, Solomon Islands"},"geometry":{"type":"Point","coordinates":[158.0533,-8.8929,10]},"id":"us6000txwy"},
{"type":"Feature","properties":{"mag":4.5,"place":"145 km WNW of Lebu, Chile","time":1790482484454,"updated":1790483737040,"tz":null,"url":"https://earthquake.usgs.gov/earthquakes/eventpage/us6000txwk","detail":"https://earthquake.usgs.gov/earthquakes/feed/v1.0/detail/us6000txwk.geojson","felt":null,"cdi":null,"mmi":null,"alert":null,"status":"reviewed","tsunami":0,"sig":312,"net":"us","code":"6000txwk","ids":",us6000txwk,","sources":",us,","types":",origin,phase-data,","nst":19,"dmin":3.07,"rms":1.24,"gap":133,"magType":"mb","type":"earthquake","title":"M 4.5 - 145 km WNW of Lebu, Chile"},"geometry":{"type":"Point","coordinates":[-75.1898,-37.1357,10]},"id":"us6000txwk"},
{"type":"Feature","properties":{"mag":2.9,"place":"24 km WSW of Point MacKenzie, Alaska","time":1790480292815,"updated":1790485690296,"tz":null,"url":"https://earthquake.usgs.gov/earthquakes/eventpage/aka2026tddduk","detail":"https://earthquake.usgs.gov/earthquakes/feed/v1.0/detail/aka2026tddduk.geojson","felt":1,"cdi":1,"mmi":null,"alert":null,"status":"automatic","tsunami":0,"sig":129,"net":"ak","code":"a2026tddduk","ids":",aka2026tddduk,us6000txwg,","sources":",ak,us,","types":",dyfi,origin,phase-data,","nst":111,"dmin":0.2,"rms":0.8,"gap":34,"magType":"ml","type":"earthquake","title":"M 2.9 - 24 km WSW of Point MacKenzie, Alaska"},"geometry":{"type":"Point","coordinates":[-150.413,61.297,50.1]},"id":"aka2026tddduk"},
{"type":"Feature","properties":{"mag":4.2,"place":"114 km S of Mişrātah, Libya","time":1790479640796,"updated":1790481746040,"tz":null,"url":"https://earthquake.usgs.gov/earthquakes/eventpage/us6000txwf","detail":"https://earthquake.usgs.gov/earthquakes/feed/v1.0/detail/us6000txwf.geojson","felt":null,"cdi":null,"mmi":null,"alert":null,"status":"reviewed","tsunami":0,"sig":271,"net":"us","code":"6000txwf","ids":",us6000txwf,","sources":",us,","types":",origin,phase-data,","nst":31,"dmin":6.149,"rms":1.21,"gap":129,"magType":"mb","type":"earthquake","title":"M 4.2 - 114 km S of Mişrātah, Libya"},"geometry":{"type":"Point","coordinates":[15.1559,31.341,10]},"id":"us6000txwf"},
{"type":"Feature","properties":{"mag":2.7,"place":"110 km NNE of Arctic Village, Alaska","time":1790476515964,"updated":1790481184040,"tz":null,"url":"https://earthquake.usgs.gov/earthquakes/eventpage/aka2026tdbbzi","detail":"https://earthquake.usgs.gov/earthquakes/feed/v1.0/detail/aka2026tdbbzi.geojson","felt":null,"cdi":null,"mmi":null,"alert":null,"status":"automatic","tsunami":0,"sig":112,"net":"ak","code":"a2026tdbbzi","ids":",us6000txw6,aka2026tdbbzi,","sources":",us,ak,","types":",origin,phase-data,","nst":29,"dmin":0.7,"rms":0.8,"gap":124,"magType":"ml","type":"earthquake","title":"M 2.7 - 110 km NNE of Arctic Village, Alaska"},"geometry":{"type":"Point","coordinates":[-144.6,69.052,1.5]},"id":"aka2026tdbbzi"},
{"type":"Feature","properties":{"mag":5.1,"place":"90 km ENE of Tadine, New Caledonia","time":1790475730562,"updated":1790476734040,"tz":null,"url":"https://earthquake.usgs.gov/earthquakes/eventpage/us6000txw5","detail":"https://earthquake.usgs.gov/earthquakes/feed/v1.0/detail/us6000txw5.geojson","felt":null,"cdi":null,"mmi":null,"alert":null,"status":"reviewed","tsunami":0,"sig":400,"net":"us","code":"6000txw5","ids":",us6000txw5,","sources":",us,","types":",origin,phase-data,","nst":30,"dmin":1.765,"rms":0.7,"gap":131,"magType":"mb","type":"earthquake","title":"M 5.1 - 90 km ENE of Tadine, New Caledonia"},"geometry":{"type":"Point","coordinates":[168.7073,-21.2857,10]},"id":"us6000txw5"},
{"type":"Feature","properties":{"mag":2.5,"place":"63 km W of Karluk, Alaska","time":1790474502224,"updated":1790474630091,"tz":null,"url":"https://earthquake.usgs.gov/earthquakes/eventpage/aka2026tczykx","detail":"https://earthquake.usgs.gov/earthquakes/feed/v1.0/detail/aka2026tczykx.geojson","felt":null,"cdi":null,"mmi":null,"alert":null,"status":"automatic","tsunami":0,"sig":96,"net":"ak","code":"a2026tczykx","ids":",aka2026tczykx,","sources":",ak,","types":",origin,phase-data,","nst":47,"dmin":0.4,"rms":0.5,"gap":86,"magType":"ml","type":"earthquake","title":"M 2.5 - 63 km W of Karluk, Alaska"},"geometry":{"type":"Point","coordinates":[-155.509,57.65,86.4]},"id":"aka2026tczykx"},
{"type":"Feature","properties":{"mag":5,"place":"61 km ENE of Tadine, New Caledonia","time":1790471905822,"updated":1790472668040,"tz":null,"url":"https://earthquake.usgs.gov/earthquakes/eventpage/us6000txvu","detail":"https://earthquake.usgs.gov/earthquakes/feed/v1.0/detail/us6000txvu.geojson","felt":null,"cdi":null,"mmi":null,"alert":null,"status":"reviewed","tsunami":0,"sig":385,"net":"us","code":"6000txvu","ids":",us6000txvu,","sources":",us,","types":",origin,phase-data,","nst":26,"dmin":1.505,"rms":1.07,"gap":146,"magType":"mb","type":"earthquake","title":"M 5.0 - 61 km ENE of Tadine, New Caledonia"},"geometry":{"type":"Point","coordinates":[168.4566,-21.4298,10]},"id":"us6000txvu"},
{"type":"Feature","properties":{"mag":4.3,"place":"1 km SSW of Kōzaki, Japan","time":1790469922364,"updated":1790545427040,"tz":null,"url":"https://earthquake.usgs.gov/earthquakes/eventpage/us6000txvq","detail":"https://earthquake.usgs.gov/earthquakes/feed/v1.0/detail/us6000txvq.geojson","felt":null,"cdi":null,"mmi":null,"alert":null,"status":"reviewed","tsunami":0,"sig":284,"net":"us","code":"6000txvq","ids":",us6000txvq,","sources":",us,","types":",origin,phase-data,","nst":24,"dmin":1.881,"rms":0.65,"gap":146,"magType":"mb","type":"earthquake","title":"M 4.3 - 1 km SSW of Kōzaki, Japan"},"geometry":{"type":"Point","coordinates":[140.3909,35.8881,76.46]},"id":"us6000txvq"},
{"type":"Feature","properties":{"mag":2.62,"place":"3 km SW of Pāhala, Hawaii","time":1790469282910,"updated":1790477012040,"tz":null,"url":"https://earthquake.usgs.gov/earthquakes/eventpage/hv75044042","detail":"https://earthquake.usgs.gov/earthquakes/feed/v1.0/detail/hv75044042.geojson","felt":1,"cdi":2,"mmi":null,"alert":null,"status":"automatic","tsunami":0,"sig":106,"net":"hv","code":"75044042","ids":",hv75044042,us6000txvm,","sources":",hv,us,","types":",dyfi,origin,phase-data,","nst":41,"dmin":0.04221,"rms":0.140000001,"gap":93,"magType":"md","type":"earthquake","title":"M 2.6 - 3 km SW of Pāhala, Hawaii"},"geometry":{"type":"Point","coordinates":[-155.498001098633,19.1806659698486,30.75]},"id":"hv75044042"},
{"type":"Feature","properties":{"mag":4.9,"place":"78 km ESE of Kokopo, Papua New Guinea","time":1790459367543,"updated":1790460396040,"tz":null,"url":"https://earthquake.usgs.gov/earthquakes/eventpage/us6000txv7","detail":"https://earthquake.usgs.gov/earthquakes/feed/v1.0/detail/us6000txv7.geojson","felt":null,"cdi":null,"mmi":null,"alert":null,"status":"reviewed","tsunami":0,"sig":369,"net":"us","code":"6000txv7","ids":",us6000txv7,","sources":",us,","types":",origin,phase-data,","nst":55,"dmin":0.865,"rms":0.9,"gap":95,"magType":"mb","type":"earthquake","title":"M 4.9 - 78 km ESE of Kokopo, Papua New Guinea"},"geometry":{"type":"Point","coordinates":[152.9096,-4.6357,63.571]},"id":"us6000txv7"},
{"type":"Feature","properties":{"mag":4,"place":"81 km SSW of Nikolski, Alaska","time":1790458280667,"updated":1790543951040,"tz":null,"url":"https://earthquake.usgs.gov/earthquakes/eventpage/us6000txwq","detail":"https://earthquake.usgs.gov/earthquakes/feed/v1.0/detail/us6000txwq.geojson","felt":null,"cdi":null,"mmi":2.336,"alert":null,"status":"reviewed","tsunami":0,"sig":246,"net":"us","code":"6000txwq","ids":",aka2026tcqxxq,us6000txwq,","sources":",ak,us,","types":",origin,phase-data,shakemap,","nst":68,"dmin":0.533,"rms":0.87,"gap":186,"magType":"mb","type":"earthquake","title":"M 4.0 - 81 km SSW of Nikolski, Alaska"},"geometry":{"type":"Point","coordinates":[-169.4239,52.2872,35]},"id":"us6000txwq"},
{"type":"Feature","properties":{"mag":2.8,"place":"17 km W of Charlotte, Texas","time":1790455758574,"updated":1790456411408,"tz":null,"url":"https://earthquake.usgs.gov/earthquakes/eventpage/tx2026szoalq","detail":"https://earthquake.usgs.gov/earthquakes/feed/v1.0/detail/tx2026szoalq.geojson","felt":null,"cdi":null,"mmi":null,"alert":null,"status":"reviewed","tsunami":0,"sig":121,"net":"tx","code":"2026szoalq","ids":",us6000txv2,tx2026szoalq,","sources":",us,tx,","types":",origin,phase-data,","nst":22,"dmin":0.1,"rms":0.3,"gap":67,"magType":"ml","type":"earthquake","title":"M 2.8 - 17 km W of Charlotte, Texas"},"geometry":{"type":"Point","coordinates":[-98.884,28.848,6.3136]},"id":"tx2026szoalq"},
{"type":"Feature","properties":{"mag":2.7,"place":"16 km ESE of Pearsall, Texas","time":1790455070425,"updated":1790456982939,"tz":null,"url":"https://earthquake.usgs.gov/earthquakes/eventpage/tx2026sznqpd","detail":"https://earthquake.usgs.gov/earthquakes/feed/v1.0/detail/tx2026sznqpd.geojson","felt":null,"cdi":null,"mmi":null,"alert":null,"status":"reviewed","tsunami":0,"sig":112,"net":"tx","code":"2026sznqpd","ids":",us6000txv0,tx2026sznqpd,","sources":",us,tx,","types":",origin,phase-data,","nst":25,"dmin":0.2,"rms":0.2,"gap":82,"magType":"ml","type":"earthquake","title":"M 2.7 - 16 km ESE of Pearsall, Texas"},"geometry":{"type":"Point","coordinates":[-98.941,28.835,6.6925]},"id":"tx2026sznqpd"},
{"type":"Feature","properties":{"mag":4.4,"place":"65 km WSW of Ollagüe, Chile","time":1790452091508,"updated":1790453102040,"tz":null,"url":"https://earthquake.usgs.gov/earthquakes/eventpage/us6000txut","detail":"https://earthquake.usgs.gov/earthquakes/feed/v1.0/detail/us6000txut.geojson","felt":null,"cdi":null,"mmi":null,"alert":null,"status":"reviewed","tsunami":0,"sig":298,"net":"us","code":"6000txut","ids":",us6000txut,","sources":",us,","types":",origin,phase-data,","nst":35,"dmin":0.563,"rms":1.09,"gap":80,"magType":"mb","type":"earthquake","title":"M 4.4 - 65 km WSW of Ollagüe, Chile"},"geometry":{"type":"Point","coordinates":[-68.8675,-21.352,118.857]},"id":"us6000txut"},
{"type":"Feature","properties":{"mag":2.6,"place":"17 km NE of Pāhala, Hawaii","time":1790451714851,"updated":1790453321040,"tz":null,"url":"https://earthquake.usgs.gov/earthquakes/eventpage/us6000txux","detail":"https://earthquake.usgs.gov/earthquakes/feed/v1.0/detail/us6000txux.geojson","felt":null,"cdi":null,"mmi":null,"alert":null,"status":"reviewed","tsunami":0,"sig":104,"net":"us","code":"6000txux","ids":",us6000txux,","sources":",us,","types":",origin,phase-data,","nst":18,"dmin":0.068,"rms":0.22,"gap":93,"magType":"ml","type":"earthquake","title":"M 2.6 - 17 km NE of Pāhala, Hawaii"},"geometry":{"type":"Point","coordinates":[-155.3735,19.3226,31.712]},"id":"us6000txux"},
{"type":"Feature","properties":{"mag":2.47,"place":"1 km NW of Pāhala, Hawaii","time":1790451666430,"updated":1790453454040,"tz":null,"url":"https://earthquake.usgs.gov/earthquakes/eventpage/hv75043997","detail":"https://earthquake.usgs.gov/earthquakes/feed/v1.0/detail/hv75043997.geojson","felt":null,"cdi":null,"mmi":null,"alert":null,"status":"automatic","tsunami":0,"sig":94,"net":"hv","code":"75043997","ids":",us6000txus,hv75043997,","sources":",us,hv,","types":",origin,phase-data,","nst":43,"dmin":0.03926,"rms":0.119999997,"gap":83,"magType":"md","type":"earthquake","title":"M 2.5 - 1 km NW of Pāhala, Hawaii"},"geometry":{"type":"Point","coordinates":[-155.48616027832,19.2108325958252,34.5200004577637]},"id":"hv75043997"},
{"type":"Feature","properties":{"mag":5,"place":"52 km NNW of Ruteng, Indonesia","time":1790451421212,"updated":1790452486040,"tz":null,"url":"https://earthquake.usgs.gov/earthquakes/eventpage/us6000txur","detail":"https://earthquake.usgs.gov/earthquakes/feed/v1.0/detail/us6000txur.geojson","felt":null,"cdi":null,"mmi":null,"alert":null,"status":"reviewed","tsunami":0,"sig":385,"net":"us","code":"6000txur","ids":",us6000txur,","sources":",us,","types":",origin,phase-data,","nst":66,"dmin":3.176,"rms":0.78,"gap":77,"magType":"mb","type":"earthquake","title":"M 5.0 - 52 km NNW of Ruteng, Indonesia"},"geometry":{"type":"Point","coordinates":[120.3294,-8.1581,10]},"id":"us6000txur"},
{"type":"Feature","properties":{"mag":4.7,"place":"5 km N of Bowangshan, China","time":1790447502679,"updated":1790449066040,"tz":null,"url":"https://earthquake.usgs.gov/earthquakes/eventpage/us6000txuj","detail":"https://earthquake.usgs.gov/earthquakes/feed/v1.0/detail/us6000txuj.geojson","felt":null,"cdi":null,"mmi":null,"alert":null,"status":"reviewed","tsunami":0,"sig":340,"net":"us","code":"6000txuj","ids":",us6000txuj,","sources":",us,","types":",origin,phase-data,","nst":47,"dmin":7.661,"rms":0.76,"gap":68,"magType":"mb","type":"earthquake","title":"M 4.7 - 5 km N of Bowangshan, China"},"geometry":{"type":"Point","coordinates":[105.0553,28.3596,10]},"id":"us6000txuj"},
{"type":"Feature","properties":{"mag":4.8,"place":"74 km ENE of Tadine, New Caledonia","time":1790447123929,"updated":1790448468040,"tz":null,"url":"https://earthquake.usgs.gov/earthquakes/eventpage/us6000txuf","detail":"https://earthquake.usgs.gov/earthquakes/feed/v1.0/detail/us6000txuf.geojson","felt":null,"cdi":null,"mmi":null,"alert":null,"status":"reviewed","tsunami":0,"sig":354,"net":"us","code":"6000txuf","ids":",us6000txuf,","sources":",us,","types":",origin,phase-data,","nst":51,"dmin":1.622,"rms":0.76,"gap":91,"magType":"mww","type":"earthquake","title":"M 4.8 - 74 km ENE of Tadine, New Caledonia"},"geometry":{"type":"Point","coordinates":[168.5681,-21.3627,10]},"id":"us6000txuf"},
{"type":"Feature","properties":{"mag":4.6,"place":"south of Africa","time":1790445020706,"updated":1790446065040,"tz":null,"url":"https://earthquake.usgs.gov/earthquakes/eventpage/us6000txuc","detail":"https://earthquake.usgs.gov/earthquakes/feed/v1.0/detail/us6000txuc.geojson","felt":null,"cdi":null,"mmi":null,"alert":null,"status":"reviewed","tsunami":0,"sig":326,"net":"us","code":"6000txuc","ids":",us6000txuc,","sources":",us,","types":",origin,phase-data,","nst":31,"dmin":17.938,"rms":0.84,"gap":103,"magType":"mb","type":"earthquake","title":"M 4.6 - south of Africa"},"geometry":{"type":"Point","coordinates":[31.1369,-48.5563,10]},"id":"us6000txuc"},
{"type":"Feature","properties":{"mag":4.2,"place":"120 km WSW of Puerto Madero, Mexico","time":1790443817140,"updated":1790445124040,"tz":null,"url":"https://earthquake.usgs.gov/earthquakes/eventpage/us6000txu6","detail":"https://earthquake.usgs.gov/earthquakes/feed/v1.0/detail/us6000txu6.geojson","felt":null,"cdi":null,"mmi":null,"alert":null,"status":"reviewed","tsunami":0,"sig":271,"net":"us","code":"6000txu6","ids":",us6000txu6,","sources":",us,","types":",origin,phase-data,","nst":35,"dmin":2.388,"rms":0.6,"gap":194,"magType":"mb","type":"earthquake","title":"M 4.2 - 120 km WSW of Puerto Madero, Mexico"},"geometry":{"type":"Point","coordinates":[-93.4109,14.2226,10]},"id":"us6000txu6"},
{"type":"Feature","properties":{"mag":4.4,"place":"263 km WSW of Adak, Alaska","time":1790442121063,"updated":1790445330982,"tz":null,"url":"https://earthquake.usgs.gov/earthquakes/eventpage/us6000txu2","detail":"https://earthquake.usgs.gov/earthquakes/feed/v1.0/detail/us6000txu2.geojson","felt":null,"cdi":null,"mmi":3.451,"alert":null,"status":"reviewed","tsunami":0,"sig":298,"net":"us","code":"6000txu2","ids":",aka2026tchyll,us6000txu2,","sources":",ak,us,","types":",origin,phase-data,shakemap,","nst":76,"dmin":0.357,"rms":0.57,"gap":178,"magType":"mb","type":"earthquake","title":"M 4.4 - 263 km WSW of Adak, Alaska"},"geometry":{"type":"Point","coordinates":[179.7488,51.1579,17.601]},"id":"us6000txu2"},
{"type":"Feature","properties":{"mag":5.2,"place":"148 km NW of Kilmia, Yemen","time":1790440423270,"updated":1790441540040,"tz":null,"url":"https://earthquake.usgs.gov/earthquakes/eventpage/us6000txtz","detail":"https://earthquake.usgs.gov/earthquakes/feed/v1.0/detail/us6000txtz.geojson","felt":null,"cdi":null,"mmi":null,"alert":null,"status":"reviewed","tsunami":0,"sig":416,"net":"us","code":"6000txtz","ids":",us6000txtz,","sources":",us,","types":",origin,phase-data,","nst":199,"dmin":6.955,"rms":0.53,"gap":32,"magType":"mww","type":"earthquake","title":"M 5.2 - 148 km NW of Kilmia, Yemen"},"geometry":{"type":"Point","coordinates":[51.4282,13.2741,10]},"id":"us6000txtz"},
{"type":"Feature","properties":{"mag":4.8,"place":"72 km E of Tadine, New Caledonia","time":1790438808430,"updated":1790444633040,"tz":null,"url":"https://earthquake.usgs.gov/earthquakes/eventpage/us6000txty","detail":"https://earthquake.usgs.gov/earthquakes/feed/v1.0/detail/us6000txty.geojson","felt":null,"cdi":null,"mmi":null,"alert":null,"status":"reviewed","tsunami":0,"sig":354,"net":"us","code":"6000txty","ids":",us6000txty,","sources":",us,","types":",origin,phase-data,","nst":98,"dmin":1.552,"rms":0.8,"gap":39,"magType":"mb","type":"earthquake","title":"M 4.8 - 72 km E of Tadine, New Caledonia"},"geometry":{"type":"Point","coordinates":[168.5787,-21.4649,10]},"id":"us6000txty"},
{"type":"Feature","properties":{"mag":3.21,"place":"40 km SE of Esperanza, Puerto Rico","time":1790434983030,"updated":1790457039040,"tz":null,"url":"https://earthquake.usgs.gov/earthquakes/eventpage/pr71534743","detail":"https://earthquake.usgs.gov/earthquakes/feed/v1.0/detail/pr71534743.geojson","felt":1,"cdi":1,"mmi":null,"alert":null,"status":"reviewed","tsunami":0,"sig":159,"net":"pr","code":"71534743","ids":",pr71534743,us6000txts,","sources":",pr,us,","types":",dyfi,origin,phase-data,","nst":22,"dmin":0.4186,"rms":0.27,"gap":172,"magType":"md","type":"earthquake","title":"M 3.2 - 40 km SE of Esperanza, Puerto Rico"},"geometry":{"type":"Point","coordinates":[-65.1946666666667,17.839,11.76]},"id":"pr71534743"},
{"type":"Feature","properties":{"mag":5.1,"place":"74 km ENE of Tadine, New Caledonia","time":1790434896433,"updated":1790436048040,"tz":null,"url":"https://earthquake.usgs.gov/earthquakes/eventpage/us6000txtn","detail":"https://earthquake.usgs.gov/earthquakes/feed/v1.0/detail/us6000txtn.geojson","felt":null,"cdi":null,"mmi":null,"alert":null,"status":"reviewed","tsunami":0,"sig":400,"net":"us","code":"6000txtn","ids":",us6000txtn,","sources":",us,","types":",origin,phase-data,","nst":90,"dmin":1.607,"rms":0.79,"gap":62,"magType":"mww","type":"earthquake","title":"M 5.1 - 74 km ENE of Tadine, New Caledonia"},"geometry":{"type":"Point","coordinates":[168.5751,-21.3884,10]},"id":"us6000txtn"},
{"type":"Feature","properties":{"mag":5.6,"place":"74 km ESE of Kokopo, Papua New Guinea","time":1790431697704,"updated":1790518429231,"tz":null,"url":"https://earthquake.usgs.gov/earthquakes/eventpage/us6000txtc","detail":"https://earthquake.usgs.gov/earthquakes/feed/v1.0/detail/us6000txtc.geojson","felt":1,"cdi":2,"mmi":4.268,"alert":"green","status":"reviewed","tsunami":0,"sig":483,"net":"us","code":"6000txtc","ids":",us6000txtc,","sources":",us,","types":",dyfi,losspager,moment-tensor,origin,phase-data,shakemap,","nst":150,"dmin":0.838,"rms":0.86,"gap":23,"magType":"mww","type":"earthquake","title":"M 5.6 - 74 km ESE of Kokopo, Papua New Guinea"},"geometry":{"type":"Point","coordinates":[152.8383,-4.6952,57.78]},"id":"us6000txtc"},
{"type":"Feature","properties":{"mag":4.8,"place":"86 km NE of Tadine, New Caledonia","time":1790430530275,"updated":1790432349040,"tz":null,"url":"https://earthquake.usgs.gov/earthquakes/eventpage/us6000txt9","detail":"https://earthquake.usgs.gov/earthquakes/feed/v1.0/detail/us6000txt9.geojson","felt":null,"cdi":null,"mmi":null,"alert":null,"status":"reviewed","tsunami":0,"sig":354,"net":"us","code":"6000txt9","ids":",us6000txt9,","sources":",us,","types":",origin,phase-data,","nst":65,"dmin":1.844,"rms":0.66,"gap":113,"magType":"mww","type":"earthquake","title":"M 4.8 - 86 km NE of Tadine, New Caledonia"},"geometry":{"type":"Point","coordinates":[168.5329,-21.0626,14.383]},"id":"us6000txt9"},
{"type":"Feature","properties":{"mag":4.6,"place":"145 km NE of Maumere, Indonesia","time":1790429895958,"updated":1790435294040,"tz":null,"url":"https://earthquake.usgs.gov/earthquakes/eventpage/us6000txt8","detail":"https://earthquake.usgs.gov/earthquakes/feed/v1.0/detail/us6000txt8.geojson","felt":null,"cdi":null,"mmi":null,"alert":null,"status":"reviewed","tsunami":0,"sig":326,"net":"us","code":"6000txt8","ids":",us6000txt8,","sources":",us,","types":",origin,phase-data,","nst":75,"dmin":4.517,"rms":0.64,"gap":50,"magType":"mb","type":"earthquake","title":"M 4.6 - 145 km NE of Maumere, Indonesia"},"geometry":{"type":"Point","coordinates":[123.2938,-7.8646,235.082]},"id":"us6000txt8"},
{"type":"Feature","properties":{"mag":5.2,"place":"58 km NE of Tadine, New Caledonia","time":1790424898406,"updated":1790426537040,"tz":null,"url":"https://earthquake.usgs.gov/earthquakes/eventpage/us6000txt0","detail":"https://earthquake.usgs.gov/earthquakes/feed/v1.0/detail/us6000txt0.geojson","felt":null,"cdi":null,"mmi":null,"alert":null,"status":"reviewed","tsunami":0,"sig":416,"net":"us","code":"6000txt0","ids":",us6000txt0,","sources":",us,","types":",origin,phase-data,","nst":33,"dmin":1.609,"rms":0.94,"gap":131,"magType":"mb","type":"earthquake","title":"M 5.2 - 58 km NE of Tadine, New Caledonia"},"geometry":{"type":"Point","coordinates":[168.3226,-21.2176,10]},"id":"us6000txt0"},
{"type":"Feature","properties":{"mag":5,"place":"76 km NE of Tadine, New Caledonia","time":1790424860648,"updated":1790426796040,"tz":null,"url":"https://earthquake.usgs.gov/earthquakes/eventpage/us6000txsz","detail":"https://earthquake.usgs.gov/earthquakes/feed/v1.0/detail/us6000txsz.geojson","felt":null,"cdi":null,"mmi":null,"alert":null,"status":"reviewed","tsunami":0,"sig":385,"net":"us","code":"6000txsz","ids":",us6000txsz,","sources":",us,","types":",origin,phase-data,","nst":33,"dmin":1.756,"rms":0.93,"gap":135,"magType":"mb","type":"earthquake","title":"M 5.0 - 76 km NE of Tadine, New Caledonia"},"geometry":{"type":"Point","coordinates":[168.4681,-21.1281,10]},"id":"us6000txsz"},
{"type":"Feature","properties":{"mag":4.7,"place":"73 km ENE of Tadine, New Caledonia","time":1790424661897,"updated":1790427479040,"tz":null,"url":"https://earthquake.usgs.gov/earthquakes/eventpage/us6000txsy","detail":"https://earthquake.usgs.gov/earthquakes/feed/v1.0/detail/us6000txsy.geojson","felt":null,"cdi":null,"mmi":null,"alert":null,"status":"reviewed","tsunami":0,"sig":340,"net":"us","code":"6000txsy","ids":",us6000txsy,","sources":",us,","types":",origin,phase-data,","nst":20,"dmin":1.67,"rms":0.55,"gap":135,"magType":"mb","type":"earthquake","title":"M 4.7 - 73 km ENE of Tadine, New Caledonia"},"geometry":{"type":"Point","coordinates":[168.5179,-21.2646,10]},"id":"us6000txsy"},
{"type":"Feature","properties":{"mag":3.11,"place":"4 km SW of Laupāhoehoe, Hawaii","time":1790423931760,"updated":1790485528040,"tz":null,"url":"https://earthquake.usgs.gov/earthquakes/eventpage/hv75043917","detail":"https://earthquake.usgs.gov/earthquakes/feed/v1.0/detail/hv75043917.geojson","felt":13,"cdi":3.8,"mmi":null,"alert":null,"status":"automatic","tsunami":0,"sig":154,"net":"hv","code":"75043917","ids":",hv75043917,us6000txsv,","sources":",hv,us,","types":",dyfi,origin,phase-data,","nst":42,"dmin":0.03908,"rms":0.230000004,"gap":98,"magType":"ml","type":"earthquake","title":"M 3.1 - 4 km SW of Laupāhoehoe, Hawaii"},"geometry":{"type":"Point","coordinates":[-155.261505126953,19.9551658630371,14.210000038147]},"id":"hv75043917"},
{"type":"Feature","properties":{"mag":2.5,"place":"58 km S of Whites City, New Mexico","time":1790422118553,"updated":1790485356040,"tz":null,"url":"https://earthquake.usgs.gov/earthquakes/eventpage/us6000txsp","detail":"https://earthquake.usgs.gov/earthquakes/feed/v1.0/detail/us6000txsp.geojson","felt":null,"cdi":null,"mmi":null,"alert":null,"status":"reviewed","tsunami":0,"sig":96,"net":"us","code":"6000txsp","ids":",us6000txsp,","sources":",us,","types":",origin,phase-data,","nst":32,"dmin":0.05,"rms":0.15,"gap":65,"magType":"ml","type":"earthquake","title":"M 2.5 - 58 km S of Whites City, New Mexico"},"geometry":{"type":"Point","coordinates":[-104.4465,31.6505,8.019]},"id":"us6000txsp"},
{"type":"Feature","properties":{"mag":4.7,"place":"North Indian Ocean","time":1790419995123,"updated":1790420897040,"tz":null,"url":"https://earthquake.usgs.gov/earthquakes/eventpage/us6000txsh","detail":"https://earthquake.usgs.gov/earthquakes/feed/v1.0/detail/us6000txsh.geojson","felt":null,"cdi":null,"mmi":null,"alert":null,"status":"reviewed","tsunami":0,"sig":340,"net":"us","code":"6000txsh","ids":",us6000txsh,","sources":",us,","types":",origin,phase-data,","nst":42,"dmin":10.297,"rms":0.79,"gap":65,"magType":"mb","type":"earthquake","title":"M 4.7 - North Indian Ocean"},"geometry":{"type":"Point","coordinates":[89.4977,1.831,10]},"id":"us6000txsh"},
{"type":"Feature","properties":{"mag":2.5,"place":"52 km NNW of Petersville, Alaska","time":1790419633728,"updated":1790419799556,"tz":null,"url":"https://earthquake.usgs.gov/earthquakes/eventpage/aka2026tbvlmd","detail":"https://earthquake.usgs.gov/earthquakes/feed/v1.0/detail/aka2026tbvlmd.geojson","felt":null,"cdi":null,"mmi":null,"alert":null,"status":"automatic","tsunami":0,"sig":96,"net":"ak","code":"a2026tbvlmd","ids":",aka2026tbvlmd,","sources":",ak,","types":",origin,phase-data,","nst":60,"dmin":0.4,"rms":0.7,"gap":68,"magType":"ml","type":"earthquake","title":"M 2.5 - 52 km NNW of Petersville, Alaska"},"geometry":{"type":"Point","coordinates":[-151.244,62.914,116.3]},"id":"aka2026tbvlmd"},
{"type":"Feature","properties":{"mag":4.9,"place":"73 km ENE of Tadine, New Caledonia","time":1790418065896,"updated":1790419048040,"tz":null,"url":"https://earthquake.usgs.gov/earthquakes/eventpage/us6000txse","detail":"https://earthquake.usgs.gov/earthquakes/feed/v1.0/detail/us6000txse.geojson","felt":null,"cdi":null,"mmi":null,"alert":null,"status":"reviewed","tsunami":0,"sig":369,"net":"us","code":"6000txse","ids":",us6000txse,","sources":",us,","types":",origin,phase-data,","nst":44,"dmin":1.702,"rms":1,"gap":108,"magType":"mww","type":"earthquake","title":"M 4.9 - 73 km ENE of Tadine, New Caledonia"},"geometry":{"type":"Point","coordinates":[168.4957,-21.2105,10]},"id":"us6000txse"},
{"type":"Feature","properties":{"mag":4.8,"place":"78 km ENE of Tadine, New Caledonia","time":1790413831027,"updated":1790415080040,"tz":null,"url":"https://earthquake.usgs.gov/earthquakes/eventpage/us6000txs3","detail":"https://earthquake.usgs.gov/earthquakes/feed/v1.0/detail/us6000txs3.geojson","felt":null,"cdi":null,"mmi":null,"alert":null,"status":"reviewed","tsunami":0,"sig":354,"net":"us","code":"6000txs3","ids":",us6000txs3,","sources":",us,","types":",origin,phase-data,","nst":28,"dmin":1.744,"rms":0.62,"gap":207,"magType":"mb","type":"earthquake","title":"M 4.8 - 78 km ENE of Tadine, New Caledonia"},"geometry":{"type":"Point","coordinates":[168.5301,-21.182,10]},"id":"us6000txs3"},
{"type":"Feature","properties":{"mag":4.8,"place":"97 km NE of Tadine, New Caledonia","time":1790413685869,"updated":1790414844040,"tz":null,"url":"https://earthquake.usgs.gov/earthquakes/eventpage/us6000txs2","detail":"https://earthquake.usgs.gov/earthquakes/feed/v1.0/detail/us6000txs2.geojson","felt":null,"cdi":null,"mmi":null,"alert":null,"status":"reviewed","tsunami":0,"sig":354,"net":"us","code":"6000txs2","ids":",us6000txs2,","sources":",us,","types":",origin,phase-data,","nst":22,"dmin":1.938,"rms":0.65,"gap":163,"magType":"mb","type":"earthquake","title":"M 4.8 - 97 km NE of Tadine, New Caledonia"},"geometry":{"type":"Point","coordinates":[168.6238,-21.0058,10]},"id":"us6000txs2"},
{"type":"Feature","properties":{"mag":4.7,"place":"71 km ENE of Tadine, New Caledonia","time":1790413639622,"updated":1790415894040,"tz":null,"url":"https://earthquake.usgs.gov/earthquakes/eventpage/us6000txs6","detail":"https://earthquake.usgs.gov/earthquakes/feed/v1.0/detail/us6000txs6.geojson","felt":null,"cdi":null,"mmi":null,"alert":null,"status":"reviewed","tsunami":0,"sig":340,"net":"us","code":"6000txs6","ids":",us6000txs6,","sources":",us,","types":",origin,phase-data,","nst":22,"dmin":1.676,"rms":0.59,"gap":206,"magType":"mb","type":"earthquake","title":"M 4.7 - 71 km ENE of Tadine, New Caledonia"},"geometry":{"type":"Point","coordinates":[168.4865,-21.2366,10]},"id":"us6000txs6"},
{"type":"Feature","properties":{"mag":4.7,"place":"97 km NE of Tadine, New Caledonia","time":1790412843961,"updated":1790413965040,"tz":null,"url":"https://earthquake.usgs.gov/earthquakes/eventpage/us6000txrz","detail":"https://earthquake.usgs.gov/earthquakes/feed/v1.0/detail/us6000txrz.geojson","felt":null,"cdi":null,"mmi":null,"alert":null,"status":"reviewed","tsunami":0,"sig":340,"net":"us","code":"6000txrz","ids":",us6000txrz,","sources":",us,","types":",origin,phase-data,","nst":33,"dmin":1.933,"rms":0.41,"gap":188,"magType":"mb","type":"earthquake","title":"M 4.7 - 97 km NE of Tadine, New Caledonia"},"geometry":{"type":"Point","coordinates":[168.6325,-21.0172,10]},"id":"us6000txrz"},
{"type":"Feature","properties":{"mag":5,"place":"78 km ENE of Tadine, New Caledonia","time":1790411098743,"updated":1790412120040,"tz":null,"url":"https://earthquake.usgs.gov/earthquakes/eventpage/us6000txrs","detail":"https://earthquake.usgs.gov/earthquakes/feed/v1.0/detail/us6000txrs.geojson","felt":null,"cdi":null,"mmi":null,"alert":null,"status":"reviewed","tsunami":0,"sig":385,"net":"us","code":"6000txrs","ids":",us6000txrs,","sources":",us,","types":",origin,phase-data,","nst":43,"dmin":1.729,"rms":0.59,"gap":110,"magType":"mb","type":"earthquake","title":"M 5.0 - 78 km ENE of Tadine, New Caledonia"},"geometry":{"type":"Point","coordinates":[168.5478,-21.2116,10]},"id":"us6000txrs"},
{"type":"Feature","properties":{"mag":3.5,"place":"0 km NNW of Baumkirchen, Austria","time":1790409416068,"updated":1790581674161,"tz":null,"url":"https://earthquake.usgs.gov/earthquakes/eventpage/us6000txrr","detail":"https://earthquake.usgs.gov/earthquakes/feed/v1.0/detail/us6000txrr.geojson","felt":3,"cdi":3.4,"mmi":null,"alert":null,"status":"reviewed","tsunami":0,"sig":189,"net":"us","code":"6000txrr","ids":",us6000txrr,","sources":",us,","types":",dyfi,origin,phase-data,","nst":13,"dmin":1.259,"rms":0.87,"gap":75,"magType":"ml","type":"earthquake","title":"M 3.5 - 0 km NNW of Baumkirchen, Austria"},"geometry":{"type":"Point","coordinates":[11.5616,47.3058,10]},"id":"us6000txrr"},
{"type":"Feature","properties":{"mag":5,"place":"84 km ENE of Tadine, New Caledonia","time":1790407332908,"updated":1790408382040,"tz":null,"url":"https://earthquake.usgs.gov/earthquakes/eventpage/us6000txrq","detail":"https://earthquake.usgs.gov/earthquakes/feed/v1.0/detail/us6000txrq.geojson","felt":null,"cdi":null,"mmi":null,"alert":null,"status":"reviewed","tsunami":0,"sig":385,"net":"us","code":"6000txrq","ids":",us6000txrq,","sources":",us,","types":",origin,phase-data,","nst":36,"dmin":1.756,"rms":0.87,"gap":134,"magType":"mww","type":"earthquake","title":"M 5.0 - 84 km ENE of Tadine, New Caledonia"},"geometry":{"type":"Point","coordinates":[168.614,-21.2249,10]},"id":"us6000txrq"},
{"type":"Feature","properties":{"mag":5.1,"place":"68 km NE of Tadine, New Caledonia","time":1790406482558,"updated":1790408892040,"tz":null,"url":"https://earthquake.usgs.gov/earthquakes/eventpage/us6000txrn","detail":"https://earthquake.usgs.gov/earthquakes/feed/v1.0/detail/us6000txrn.geojson","felt":null,"cdi":null,"mmi":null,"alert":null,"status":"reviewed","tsunami":0,"sig":400,"net":"us","code":"6000txrn","ids":",us6000txrn,","sources":",us,","types":",origin,phase-data,","nst":49,"dmin":1.678,"rms":0.65,"gap":129,"magType":"mb","type":"earthquake","title":"M 5.1 - 68 km NE of Tadine, New Caledonia"},"geometry":{"type":"Point","coordinates":[168.4225,-21.1943,10]},"id":"us6000txrn"},
{"type":"Feature","properties":{"mag":4.6,"place":"25 km W of Roncesvalles, Colombia","time":1790404699029,"updated":1790405885040,"tz":null,"url":"https://earthquake.usgs.gov/earthquakes/eventpage/us6000txrj","detail":"https://earthquake.usgs.gov/earthquakes/feed/v1.0/detail/us6000txrj.geojson","felt":null,"cdi":null,"mmi":null,"alert":null,"status":"reviewed","tsunami":0,"sig":326,"net":"us","code":"6000txrj","ids":",us6000txrj,","sources":",us,","types":",origin,phase-data,","nst":65,"dmin":1.715,"rms":1.02,"gap":81,"magType":"mb","type":"earthquake","title":"M 4.6 - 25 km W of Roncesvalles, Colombia"},"geometry":{"type":"Point","coordinates":[-75.8315,4.018,10]},"id":"us6000txrj"},
{"type":"Feature","properties":{"mag":3.5,"place":"123 km S of False Pass, Alaska","time":1790402688765,"updated":1790444486274,"tz":null,"url":"https://earthquake.usgs.gov/earthquakes/eventpage/aka2026tbmaoo","detail":"https://earthquake.usgs.gov/earthquakes/feed/v1.0/detail/aka2026tbmaoo.geojson","felt":null,"cdi":null,"mmi":null,"alert":null,"status":"reviewed","tsunami":0,"sig":188,"net":"ak","code":"a2026tbmaoo","ids":",aka2026tbmaoo,","sources":",ak,","types":",origin,phase-data,","nst":42,"dmin":1,"rms":0.7,"gap":221,"magType":"ml","type":"earthquake","title":"M 3.5 - 123 km S of False Pass, Alaska"},"geometry":{"type":"Point","coordinates":[-163.114,53.754,11.9]},"id":"aka2026tbmaoo"},
{"type":"Feature","properties":{"mag":5.1,"place":"64 km ENE of Tadine, New Caledonia","time":1790401848716,"updated":1790402920040,"tz":null,"url":"https://earthquake.usgs.gov/earthquakes/eventpage/us6000txrf","detail":"https://earthquake.usgs.gov/earthquakes/feed/v1.0/detail/us6000txrf.geojson","felt":null,"cdi":null,"mmi":null,"alert":null,"status":"reviewed","tsunami":0,"sig":400,"net":"us","code":"6000txrf","ids":",us6000txrf,","sources":",us,","types":",origin,phase-data,","nst":62,"dmin":1.641,"rms":1.07,"gap":95,"magType":"mb","type":"earthquake","title":"M 5.1 - 64 km ENE of Tadine, New Caledonia"},"geometry":{"type":"Point","coordinates":[168.4033,-21.227,10]},"id":"us6000txrf"},
{"type":"Feature","properties":{"mag":2.79,"place":"8 km NNE of Tierras Nuevas Poniente, Puerto Rico","time":1790400909040,"updated":1790404028180,"tz":null,"url":"https://earthquake.usgs.gov/earthquakes/eventpage/pr71534718","detail":"https://earthquake.usgs.gov/earthquakes/feed/v1.0/detail/pr71534718.geojson","felt":null,"cdi":null,"mmi":null,"alert":null,"status":"reviewed","tsunami":0,"sig":120,"net":"pr","code":"71534718","ids":",pr71534718,","sources":",pr,","types":",origin,phase-data,","nst":13,"dmin":0.2365,"rms":0.19,"gap":193,"magType":"md","type":"earthquake","title":"M 2.8 - 8 km NNE of Tierras Nuevas Poniente, Puerto Rico"},"geometry":{"type":"Point","coordinates":[-66.4598333333333,18.5378333333333,88.89]},"id":"pr71534718"},
{"type":"Feature","properties":{"mag":2.74,"place":"10 km W of Boonville, CA","time":1790395327440,"updated":1790421792404,"tz":null,"url":"https://earthquake.usgs.gov/earthquakes/eventpage/nc75442217","detail":"https://earthquake.usgs.gov/earthquakes/feed/v1.0/detail/nc75442217.geojson","felt":17,"cdi":3.4,"mmi":null,"alert":null,"status":"automatic","tsunami":0,"sig":121,"net":"nc","code":"75442217","ids":",nc75442217,","sources":",nc,","types":",dyfi,focal-mechanism,nearby-cities,origin,phase-data,scitech-link,","nst":29,"dmin":0.1079,"rms":0.09,"gap":63,"magType":"md","type":"earthquake","title":"M 2.7 - 10 km W of Boonville, CA"},"geometry":{"type":"Point","coordinates":[-123.483001708984,39.013500213623,3.46000003814697]},"id":"nc75442217"},
{"type":"Feature","properties":{"mag":3.74,"place":"10 km W of Boonville, CA","time":1790394169670,"updated":1790517150732,"tz":null,"url":"https://earthquake.usgs.gov/earthquakes/eventpage/nc75442207","detail":"https://earthquake.usgs.gov/earthquakes/feed/v1.0/detail/nc75442207.geojson","felt":134,"cdi":4.3,"mmi":4.229,"alert":null,"status":"reviewed","tsunami":0,"sig":273,"net":"nc","code":"75442207","ids":",ew1790394170,nc75442207,us6000txr6,","sources":",ew,nc,us,","types":",dyfi,focal-mechanism,moment-tensor,nearby-cities,origin,phase-data,scitech-link,shake-alert,shakemap,","nst":80,"dmin":0.1039,"rms":0.1,"gap":62,"magType":"mw","type":"earthquake","title":"M 3.7 - 10 km W of Boonville, CA"},"geometry":{"type":"Point","coordinates":[-123.477333333333,39.0145,4.78]},"id":"nc75442207"},
{"type":"Feature","properties":{"mag":4.5,"place":"Iceland region","time":1790391175988,"updated":1790391992040,"tz":null,"url":"https://earthquake.usgs.gov/earthquakes/eventpage/us6000txr0","detail":"https://earthquake.usgs.gov/earthquakes/feed/v1.0/detail/us6000txr0.geojson","felt":null,"cdi":null,"mmi":null,"alert":null,"status":"reviewed","tsunami":0,"sig":312,"net":"us","code":"6000txr0","ids":",us6000txr0,","sources":",us,","types":",origin,phase-data,","nst":39,"dmin":2.392,"rms":0.97,"gap":91,"magType":"mb","type":"earthquake","title":"M 4.5 - Iceland region"},"geometry":{"type":"Point","coordinates":[-16.9554,68.8565,10]},"id":"us6000txr0"},
{"type":"Feature","properties":{"mag":4.4,"place":"4 km NNE of Uto, Japan","time":1790386279592,"updated":1790388407040,"tz":null,"url":"https://earthquake.usgs.gov/earthquakes/eventpage/us6000txqv","detail":"https://earthquake.usgs.gov/earthquakes/feed/v1.0/detail/us6000txqv.geojson","felt":null,"cdi":null,"mmi":null,"alert":null,"status":"reviewed","tsunami":0,"sig":298,"net":"us","code":"6000txqv","ids":",us6000txqv,","sources":",us,","types":",moment-tensor,origin,phase-data,","nst":36,"dmin":1.223,"rms":0.92,"gap":107,"magType":"mwr","type":"earthquake","title":"M 4.4 - 4 km NNE of Uto, Japan"},"geometry":{"type":"Point","coordinates":[130.6922,32.7187,10]},"id":"us6000txqv"},
{"type":"Feature","properties":{"mag":4.7,"place":"80 km ENE of Tadine, New Caledonia","time":1790385435531,"updated":1790482736040,"tz":null,"url":"https://earthquake.usgs.gov/earthquakes/eventpage/us6000txuu","detail":"https://earthquake.usgs.gov/earthquakes/feed/v1.0/detail/us6000txuu.geojson","felt":null,"cdi":null,"mmi":null,"alert":null,"status":"reviewed","tsunami":0,"sig":340,"net":"us","code":"6000txuu","ids":",us6000txuu,","sources":",us,","types":",origin,phase-data,","nst":18,"dmin":1.701,"rms":1.12,"gap":260,"magType":"mb","type":"earthquake","title":"M 4.7 - 80 km ENE of Tadine, New Caledonia"},"geometry":{"type":"Point","coordinates":[168.6129,-21.2949,10]},"id":"us6000txuu"},
{"type":"Feature","properties":{"mag":5.3,"place":"58 km ENE of Tadine, New Caledonia","time":1790385019430,"updated":1790385736040,"tz":null,"url":"https://earthquake.usgs.gov/earthquakes/eventpage/us6000txqu","detail":"https://earthquake.usgs.gov/earthquakes/feed/v1.0/detail/us6000txqu.geojson","felt":null,"cdi":null,"mmi":null,"alert":null,"status":"reviewed","tsunami":0,"sig":432,"net":"us","code":"6000txqu","ids":",us6000txqu,","sources":",us,","types":",origin,phase-data,","nst":31,"dmin":1.573,"rms":0.73,"gap":217,"magType":"mb","type":"earthquake","title":"M 5.3 - 58 km ENE of Tadine, New Caledonia"},"geometry":{"type":"Point","coordinates":[168.3721,-21.2883,10]},"id":"us6000txqu"},
{"type":"Feature","properties":{"mag":5,"place":"15 km NNW of Xunchang, China","time":1790380653361,"updated":1790381625040,"tz":null,"url":"https://earthquake.usgs.gov/earthquakes/eventpage/us6000txql","detail":"https://earthquake.usgs.gov/earthquakes/feed/v1.0/detail/us6000txql.geojson","felt":null,"cdi":null,"mmi":null,"alert":null,"status":"reviewed","tsunami":0,"sig":385,"net":"us","code":"6000txql","ids":",us6000txql,","sources":",us,","types":",origin,phase-data,","nst":49,"dmin":7.399,"rms":0.68,"gap":59,"magType":"mb","type":"earthquake","title":"M 5.0 - 15 km NNW of Xunchang, China"},"geometry":{"type":"Point","coordinates":[104.6428,28.5792,10]},"id":"us6000txql"},
{"type":"Feature","properties":{"mag":5.4,"place":"69 km ENE of Tadine, New Caledonia","time":1790380355158,"updated":1790467031848,"tz":null,"url":"https://earthquake.usgs.gov/earthquakes/eventpage/us6000txqk","detail":"https://earthquake.usgs.gov/earthquakes/feed/v1.0/detail/us6000txqk.geojson","felt":null,"cdi":null,"mmi":4.215,"alert":"green","status":"reviewed","tsunami":0,"sig":449,"net":"us","code":"6000txqk","ids":",us6000txqk,","sources":",us,","types":",losspager,origin,phase-data,shakemap,","nst":29,"dmin":1.677,"rms":1.03,"gap":206,"magType":"mb","type":"earthquake","title":"M 5.4 - 69 km ENE of Tadine, New Caledonia"},"geometry":{"type":"Point","coordinates":[168.4346,-21.2023,10]},"id":"us6000txqk"},
{"type":"Feature","properties":{"mag":5.5,"place":"61 km ENE of Tadine, New Caledonia","time":1790379581392,"updated":1790466290671,"tz":null,"url":"https://earthquake.usgs.gov/earthquakes/eventpage/us6000txqi","detail":"https://earthquake.usgs.gov/earthquakes/feed/v1.0/detail/us6000txqi.geojson","felt":null,"cdi":null,"mmi":4.454,"alert":"green","status":"reviewed","tsunami":0,"sig":465,"net":"us","code":"6000txqi","ids":",us6000txqi,","sources":",us,","types":",losspager,origin,phase-data,shakemap,","nst":53,"dmin":1.541,"rms":0.93,"gap":88,"magType":"mww","type":"earthquake","title":"M 5.5 - 61 km ENE of Tadine, New Caledonia"},"geometry":{"type":"Point","coordinates":[168.4446,-21.3748,10]},"id":"us6000txqi"},
{"type":"Feature","properties":{"mag":4.9,"place":"78 km NE of Tadine, New Caledonia","time":1790379164392,"updated":1790380233040,"tz":null,"url":"https://earthquake.usgs.gov/earthquakes/eventpage/us6000txqf","detail":"https://earthquake.usgs.gov/earthquakes/feed/v1.0/detail/us6000txqf.geojson","felt":null,"cdi":null,"mmi":null,"alert":null,"status":"reviewed","tsunami":0,"sig":369,"net":"us","code":"6000txqf","ids":",us6000txqf,","sources":",us,","types":",origin,phase-data,","nst":26,"dmin":1.756,"rms":1.29,"gap":191,"magType":"mb","type":"earthquake","title":"M 4.9 - 78 km NE of Tadine, New Caledonia"},"geometry":{"type":"Point","coordinates":[168.5092,-21.1532,10]},"id":"us6000txqf"},
{"type":"Feature","properties":{"mag":2.5,"place":"22 km WSW of Cantwell, Alaska","time":1790375030485,"updated":1790375219473,"tz":null,"url":"https://earthquake.usgs.gov/earthquakes/eventpage/aka2026tawqyh","detail":"https://earthquake.usgs.gov/earthquakes/feed/v1.0/detail/aka2026tawqyh.geojson","felt":null,"cdi":null,"mmi":null,"alert":null,"status":"automatic","tsunami":0,"sig":96,"net":"ak","code":"a2026tawqyh","ids":",aka2026tawqyh,","sources":",ak,","types":",origin,phase-data,","nst":46,"dmin":0.2,"rms":0.7,"gap":45,"magType":"ml","type":"earthquake","title":"M 2.5 - 22 km WSW of Cantwell, Alaska"},"geometry":{"type":"Point","coordinates":[-149.334,63.293,82.8]},"id":"aka2026tawqyh"},
{"type":"Feature","properties":{"mag":5.1,"place":"78 km ENE of Tadine, New Caledonia","time":1790374054791,"updated":1790375268040,"tz":null,"url":"https://earthquake.usgs.gov/earthquakes/eventpage/us6000txq2","detail":"https://earthquake.usgs.gov/earthquakes/feed/v1.0/detail/us6000txq2.geojson","felt":null,"cdi":null,"mmi":null,"alert":null,"status":"reviewed","tsunami":0,"sig":400,"net":"us","code":"6000txq2","ids":",us6000txq2,","sources":",us,","types":",origin,phase-data,","nst":33,"dmin":1.695,"rms":0.87,"gap":147,"magType":"mb","type":"earthquake","title":"M 5.1 - 78 km ENE of Tadine, New Caledonia"},"geometry":{"type":"Point","coordinates":[168.5744,-21.2728,10]},"id":"us6000txq2"},
{"type":"Feature","properties":{"mag":6.6,"place":"80 km ENE of Tadine, New Caledonia","time":1790371383309,"updated":1790458207826,"tz":null,"url":"https://earthquake.usgs.gov/earthquakes/eventpage/us6000txpi","detail":"https://earthquake.usgs.gov/earthquakes/feed/v1.0/detail/us6000txpi.geojson","felt":11,"cdi":6.9,"mmi":5.672,"alert":"green","status":"reviewed","tsunami":0,"sig":678,"net":"us","code":"6000txpi","ids":",pt26268000,us6000txpi,","sources":",pt,us,","types":",dyfi,ground-failure,losspager,moment-tensor,origin,phase-data,shakemap,","nst":102,"dmin":1.696,"rms":0.82,"gap":35,"magType":"mww","type":"earthquake","title":"M 6.6 - 80 km ENE of Tadine, New Caledonia"},"geometry":{"type":"Point","coordinates":[168.61,-21.2982,10]},"id":"us6000txpi"},
{"type":"Feature","properties":{"mag":5,"place":"13 km N of Xunchang, China","time":1790370087262,"updated":1790371110040,"tz":null,"url":"https://earthquake.usgs.gov/earthquakes/eventpage/us6000txpf","detail":"https://earthquake.usgs.gov/earthquakes/feed/v1.0/detail/us6000txpf.geojson","felt":null,"cdi":null,"mmi":null,"alert":null,"status":"reviewed","tsunami":0,"sig":385,"net":"us","code":"6000txpf","ids":",us6000txpf,","sources":",us,","types":",origin,phase-data,","nst":64,"dmin":7.409,"rms":0.61,"gap":67,"magType":"mb","type":"earthquake","title":"M 5.0 - 13 km N of Xunchang, China"},"geometry":{"type":"Point","coordinates":[104.7032,28.5744,10]},"id":"us6000txpf"},
{"type":"Feature","properties":{"mag":4.5,"place":"south of the Fiji Islands","time":1790369012619,"updated":1790372290040,"tz":null,"url":"https://earthquake.usgs.gov/earthquakes/eventpage/us6000txpa","detail":"https://earthquake.usgs.gov/earthquakes/feed/v1.0/detail/us6000txpa.geojson","felt":null,"cdi":null,"mmi":null,"alert":null,"status":"reviewed","tsunami":0,"sig":312,"net":"us","code":"6000txpa","ids":",us6000txpa,","sources":",us,","types":",origin,phase-data,","nst":69,"dmin":5.49,"rms":0.93,"gap":96,"magType":"mb","type":"earthquake","title":"M 4.5 - south of the Fiji Islands"},"geometry":{"type":"Point","coordinates":[-179.9919,-24.0533,482.813]},"id":"us6000txpa"},
{"type":"Feature","properties":{"mag":4.6,"place":"144 km SE of Lata, Solomon Islands","time":1790368869329,"updated":1790369965040,"tz":null,"url":"https://earthquake.usgs.gov/earthquakes/eventpage/us6000txp8","detail":"https://earthquake.usgs.gov/earthquakes/feed/v1.0/detail/us6000txp8.geojson","felt":null,"cdi":null,"mmi":null,"alert":null,"status":"reviewed","tsunami":0,"sig":326,"net":"us","code":"6000txp8","ids":",us6000txp8,","sources":",us,","types":",origin,phase-data,","nst":79,"dmin":9.093,"rms":0.54,"gap":70,"magType":"mb","type":"earthquake","title":"M 4.6 - 144 km SE of Lata, Solomon Islands"},"geometry":{"type":"Point","coordinates":[166.6797,-11.7022,223.583]},"id":"us6000txp8"},
{"type":"Feature","properties":{"mag":3.3,"place":"129 km E of Chignik, Alaska","time":1790368313292,"updated":1790456778040,"tz":null,"url":"https://earthquake.usgs.gov/earthquakes/eventpage/aka2026tasxwj","detail":"https://earthquake.usgs.gov/earthquakes/feed/v1.0/detail/aka2026tasxwj.geojson","felt":null,"cdi":null,"mmi":null,"alert":null,"status":"automatic","tsunami":0,"sig":168,"net":"ak","code":"a2026tasxwj","ids":",us6000txp4,aka2026tasxwj,","sources":",us,ak,","types":",origin,phase-data,","nst":15,"dmin":1.1,"rms":0.3,"gap":259,"magType":"ml","type":"earthquake","title":"M 3.3 - 129 km E of Chignik, Alaska"},"geometry":{"type":"Point","coordinates":[-156.314,56.375,6.3]},"id":"aka2026tasxwj"},
{"type":"Feature","properties":{"mag":2.7,"place":"9 km NE of Pleasant Hill, Louisiana","time":1790367971335,"updated":1790425317516,"tz":null,"url":"https://earthquake.usgs.gov/earthquakes/eventpage/us6000txp3","detail":"https://earthquake.usgs.gov/earthquakes/feed/v1.0/detail/us6000txp3.geojson","felt":2,"cdi":2.7,"mmi":null,"alert":null,"status":"reviewed","tsunami":0,"sig":113,"net":"us","code":"6000txp3","ids":",us6000txp3,","sources":",us,","types":",dyfi,origin,phase-data,","nst":27,"dmin":0.142,"rms":1.04,"gap":67,"magType":"mb_lg","type":"earthquake","title":"M 2.7 - 9 km NE of Pleasant Hill, Louisiana"},"geometry":{"type":"Point","coordinates":[-93.4352,31.8713,6.098]},"id":"us6000txp3"},
{"type":"Feature","properties":{"mag":4.8,"place":"42 km N of Ruteng, Indonesia","time":1790365169552,"updated":1790367544040,"tz":null,"url":"https://earthquake.usgs.gov/earthquakes/eventpage/us6000txnq","detail":"https://earthquake.usgs.gov/earthquakes/feed/v1.0/detail/us6000txnq.geojson","felt":null,"cdi":null,"mmi":null,"alert":null,"status":"reviewed","tsunami":0,"sig":354,"net":"us","code":"6000txnq","ids":",us6000txnq,","sources":",us,","types":",origin,phase-data,","nst":48,"dmin":3.263,"rms":0.87,"gap":79,"magType":"mb","type":"earthquake","title":"M 4.8 - 42 km N of Ruteng, Indonesia"},"geometry":{"type":"Point","coordinates":[120.4296,-8.2281,14.458]},"id":"us6000txnq"},
{"type":"Feature","properties":{"mag":4.7,"place":"36 km ENE of Kunigami, Japan","time":1790363693531,"updated":1790485439197,"tz":null,"url":"https://earthquake.usgs.gov/earthquakes/eventpage/us6000txnm","detail":"https://earthquake.usgs.gov/earthquakes/feed/v1.0/detail/us6000txnm.geojson","felt":1,"cdi":1,"mmi":null,"alert":null,"status":"reviewed","tsunami":0,"sig":340,"net":"us","code":"6000txnm","ids":",us6000txnm,","sources":",us,","types":",dyfi,origin,phase-data,","nst":43,"dmin":0.219,"rms":0.64,"gap":82,"magType":"mb","type":"earthquake","title":"M 4.7 - 36 km ENE of Kunigami, Japan"},"geometry":{"type":"Point","coordinates":[128.5171,26.8398,14.142]},"id":"us6000txnm"},
{"type":"Feature","properties":{"mag":2.6,"place":"11 km NE of Toyah, Texas","time":1790359281042,"updated":1790360441040,"tz":null,"url":"https://earthquake.usgs.gov/earthquakes/eventpage/tx2026sxmsve","detail":"https://earthquake.usgs.gov/earthquakes/feed/v1.0/detail/tx2026sxmsve.geojson","felt":null,"cdi":null,"mmi":null,"alert":null,"status":"reviewed","tsunami":0,"sig":104,"net":"tx","code":"2026sxmsve","ids":",us6000txn1,tx2026sxmsve,","sources":",us,tx,","types":",origin,phase-data,","nst":22,"dmin":0.1,"rms":0.1,"gap":63,"magType":"ml","type":"earthquake","title":"M 2.6 - 11 km NE of Toyah, Texas"},"geometry":{"type":"Point","coordinates":[-103.705,31.379,6.228]},"id":"tx2026sxmsve"},
{"type":"Feature","properties":{"mag":3.22,"place":"2 km SW of Honaunau-Napoopoo, Hawaii","time":1790358888830,"updated":1790372364202,"tz":null,"url":"https://earthquake.usgs.gov/earthquakes/eventpage/hv75043722","detail":"https://earthquake.usgs.gov/earthquakes/feed/v1.0/detail/hv75043722.geojson","felt":24,"cdi":3.2,"mmi":null,"alert":null,"status":"reviewed","tsunami":0,"sig":167,"net":"hv","code":"75043722","ids":",hv75043722,us6000txmz,","sources":",hv,us,","types":",dyfi,origin,phase-data,","nst":50,"dmin":0.05557,"rms":0.21,"gap":146,"magType":"ml","type":"earthquake","title":"M 3.2 - 2 km SW of Honaunau-Napoopoo, Hawaii"},"geometry":{"type":"Point","coordinates":[-155.880333333333,19.4443333333333,7.47]},"id":"hv75043722"},
{"type":"Feature","properties":{"mag":2.5,"place":"55 km WSW of Karluk, Alaska","time":1790356043666,"updated":1790356318510,"tz":null,"url":"https://earthquake.usgs.gov/earthquakes/eventpage/aka2026tamcpb","detail":"https://earthquake.usgs.gov/earthquakes/feed/v1.0/detail/aka2026tamcpb.geojson","felt":null,"cdi":null,"mmi":null,"alert":null,"status":"automatic","tsunami":0,"sig":96,"net":"ak","code":"a2026tamcpb","ids":",aka2026tamcpb,","sources":",ak,","types":",origin,phase-data,","nst":30,"dmin":0.6,"rms":0.4,"gap":164,"magType":"ml","type":"earthquake","title":"M 2.5 - 55 km WSW of Karluk, Alaska"},"geometry":{"type":"Point","coordinates":[-155.342,57.424,69.3]},"id":"aka2026tamcpb"},
{"type":"Feature","properties":{"mag":5.2,"place":"62 km SW of San Antonio, Chile","time":1790350149560,"updated":1790360045815,"tz":null,"url":"https://earthquake.usgs.gov/earthquakes/eventpage/us6000txme","detail":"https://earthquake.usgs.gov/earthquakes/feed/v1.0/detail/us6000txme.geojson","felt":8,"cdi":4.1,"mmi":null,"alert":null,"status":"reviewed","tsunami":0,"sig":419,"net":"us","code":"6000txme","ids":",us6000txme,","sources":",us,","types":",dyfi,moment-tensor,origin,phase-data,","nst":86,"dmin":0.514,"rms":0.97,"gap":52,"magType":"mww","type":"earthquake","title":"M 5.2 - 62 km SW of San Antonio, Chile"},"geometry":{"type":"Point","coordinates":[-72.1079,-33.9661,29.072]},"id":"us6000txme"},
{"type":"Feature","properties":{"mag":4.7,"place":"80 km SW of Labuan, Indonesia","time":1790344046836,"updated":1790346823040,"tz":null,"url":"https://earthquake.usgs.gov/earthquakes/eventpage/us6000txkc","detail":"https://earthquake.usgs.gov/earthquakes/feed/v1.0/detail/us6000txkc.geojson","felt":null,"cdi":null,"mmi":null,"alert":null,"status":"reviewed","tsunami":0,"sig":340,"net":"us","code":"6000txkc","ids":",us6000txkc,","sources":",us,","types":",origin,phase-data,","nst":48,"dmin":3.516,"rms":1.06,"gap":124,"magType":"mb","type":"earthquake","title":"M 4.7 - 80 km SW of Labuan, Indonesia"},"geometry":{"type":"Point","coordinates":[105.3554,-6.9267,10]},"id":"us6000txkc"},
{"type":"Feature","properties":{"mag":2.5,"place":"6 km SSE of Salinas, Puerto Rico","time":1790342277160,"updated":1790343132960,"tz":null,"url":"https://earthquake.usgs.gov/earthquakes/eventpage/pr71534643","detail":"https://earthquake.usgs.gov/earthquakes/feed/v1.0/detail/pr71534643.geojson","felt":null,"cdi":null,"mmi":null,"alert":null,"status":"reviewed","tsunami":0,"sig":96,"net":"pr","code":"71534643","ids":",pr71534643,","sources":",pr,","types":",origin,phase-data,","nst":12,"dmin":0.1221,"rms":0.22,"gap":190,"magType":"md","type":"earthquake","title":"M 2.5 - 6 km SSE of Salinas, Puerto Rico"},"geometry":{"type":"Point","coordinates":[-66.2845,17.9158333333333,7.75]},"id":"pr71534643"},
{"type":"Feature","properties":{"mag":3.8,"place":"136 km SW of Nikolski, Alaska","time":1790339852903,"updated":1790367504432,"tz":null,"url":"https://earthquake.usgs.gov/earthquakes/eventpage/aka2026tadcql","detail":"https://earthquake.usgs.gov/earthquakes/feed/v1.0/detail/aka2026tadcql.geojson","felt":null,"cdi":null,"mmi":2.346,"alert":null,"status":"reviewed","tsunami":0,"sig":222,"net":"ak","code":"a2026tadcql","ids":",aka2026tadcql,","sources":",ak,","types":",origin,phase-data,shakemap,","nst":30,"dmin":0.7,"rms":1,"gap":215,"magType":"ml","type":"earthquake","title":"M 3.8 - 136 km SW of Nikolski, Alaska"},"geometry":{"type":"Point","coordinates":[-170.358,52.123,23.3]},"id":"aka2026tadcql"},
{"type":"Feature","properties":{"mag":4.9,"place":"Drake Passage","time":1790339836665,"updated":1790341190040,"tz":null,"url":"https://earthquake.usgs.gov/earthquakes/eventpage/us6000txk8","detail":"https://earthquake.usgs.gov/earthquakes/feed/v1.0/detail/us6000txk8.geojson","felt":null,"cdi":null,"mmi":null,"alert":null,"status":"reviewed","tsunami":0,"sig":369,"net":"us","code":"6000txk8","ids":",us6000txk8,","sources":",us,","types":",origin,phase-data,","nst":37,"dmin":5.099,"rms":0.69,"gap":130,"magType":"mb","type":"earthquake","title":"M 4.9 - Drake Passage"},"geometry":{"type":"Point","coordinates":[-61.371,-59.849,10]},"id":"us6000txk8"},
{"type":"Feature","properties":{"mag":4.5,"place":"72 km E of Thang, India","time":1790337201312,"updated":1790340403040,"tz":null,"url":"https://earthquake.usgs.gov/earthquakes/eventpage/us6000txk0","detail":"https://earthquake.usgs.gov/earthquakes/feed/v1.0/detail/us6000txk0.geojson","felt":null,"cdi":null,"mmi":null,"alert":null,"status":"reviewed","tsunami":0,"sig":312,"net":"us","code":"6000txk0","ids":",us6000txk0,","sources":",us,","types":",origin,phase-data,","nst":43,"dmin":3.76,"rms":0.84,"gap":79,"magType":"mb","type":"earthquake","title":"M 4.5 - 72 km E of Thang, India"},"geometry":{"type":"Point","coordinates":[77.5756,34.8425,10]},"id":"us6000txk0"},
{"type":"Feature","properties":{"mag":5.3,"place":"Vanuatu region","time":1790334735838,"updated":1790335890040,"tz":null,"url":"https://earthquake.usgs.gov/earthquakes/eventpage/us6000txjy","detail":"https://earthquake.usgs.gov/earthquakes/feed/v1.0/detail/us6000txjy.geojson","felt":null,"cdi":null,"mmi":null,"alert":null,"status":"reviewed","tsunami":0,"sig":432,"net":"us","code":"6000txjy","ids":",us6000txjy,","sources":",us,","types":",origin,phase-data,","nst":59,"dmin":5.567,"rms":1.15,"gap":88,"magType":"mww","type":"earthquake","title":"M 5.3 - Vanuatu region"},"geometry":{"type":"Point","coordinates":[174.0792,-21.8904,23.966]},"id":"us6000txjy"},
{"type":"Feature","properties":{"mag":2.9,"place":"4 km S of Abanilla, Spain","time":1790327076938,"updated":1790517061750,"tz":null,"url":"https://earthquake.usgs.gov/earthquakes/eventpage/us6000txjq","detail":"https://earthquake.usgs.gov/earthquakes/feed/v1.0/detail/us6000txjq.geojson","felt":9,"cdi":3.4,"mmi":null,"alert":null,"status":"reviewed","tsunami":0,"sig":132,"net":"us","code":"6000txjq","ids":",us6000txjq,","sources":",us,","types":",dyfi,origin,phase-data,","nst":6,"dmin":2.764,"rms":0.22,"gap":230,"magType":"mb_lg","type":"earthquake","title":"M 2.9 - 4 km S of Abanilla, Spain"},"geometry":{"type":"Point","coordinates":[-1.0319,38.1618,10]},"id":"us6000txjq"},
{"type":"Feature","properties":{"mag":4.1,"place":"8 km ENE of Kariwa, Japan","time":1790320702822,"updated":1790341008040,"tz":null,"url":"https://earthquake.usgs.gov/earthquakes/eventpage/us6000txjc","detail":"https://earthquake.usgs.gov/earthquakes/feed/v1.0/detail/us6000txjc.geojson","felt":null,"cdi":null,"mmi":null,"alert":null,"status":"reviewed","tsunami":0,"sig":259,"net":"us","code":"6000txjc","ids":",us6000txjc,","sources":",us,","types":",origin,phase-data,","nst":40,"dmin":0.996,"rms":0.37,"gap":151,"magType":"mb","type":"earthquake","title":"M 4.1 - 8 km ENE of Kariwa, Japan"},"geometry":{"type":"Point","coordinates":[138.7057,37.4587,165.7]},"id":"us6000txjc"},
{"type":"Feature","properties":{"mag":2.5,"place":"16 km NE of House, New Mexico","time":1790315871890,"updated":1790317216040,"tz":null,"url":"https://earthquake.usgs.gov/earthquakes/eventpage/us6000txj1","detail":"https://earthquake.usgs.gov/earthquakes/feed/v1.0/detail/us6000txj1.geojson","felt":null,"cdi":null,"mmi":null,"alert":null,"status":"reviewed","tsunami":0,"sig":96,"net":"us","code":"6000txj1","ids":",us6000txj1,","sources":",us,","types":",origin,phase-data,","nst":20,"dmin":1.114,"rms":0.33,"gap":65,"magType":"mb_lg","type":"earthquake","title":"M 2.5 - 16 km NE of House, New Mexico"},"geometry":{"type":"Point","coordinates":[-103.7598,34.7286,9.36]},"id":"us6000txj1"},
{"type":"Feature","properties":{"mag":3.13,"place":"3 km NW of Little America, Wyoming","time":1790314902360,"updated":1790348650940,"tz":null,"url":"https://earthquake.usgs.gov/earthquakes/eventpage/uu80157966","detail":"https://earthquake.usgs.gov/earthquakes/feed/v1.0/detail/uu80157966.geojson","felt":null,"cdi":null,"mmi":null,"alert":null,"status":"reviewed","tsunami":0,"sig":151,"net":"uu","code":"80157966","ids":",uu80157966,","sources":",uu,","types":",origin,phase-data,","nst":19,"dmin":0.1149,"rms":0.18,"gap":112,"magType":"ml","type":"earthquake","title":"M 3.1 - 3 km NW of Little America, Wyoming"},"geometry":{"type":"Point","coordinates":[-109.8855,41.5641666666667,-2.54]},"id":"uu80157966"},
{"type":"Feature","properties":{"mag":4.3,"place":"52 km NNW of Khandūd, Afghanistan","time":1790314550000,"updated":1790315734040,"tz":null,"url":"https://earthquake.usgs.gov/earthquakes/eventpage/us6000txiw","detail":"https://earthquake.usgs.gov/earthquakes/feed/v1.0/detail/us6000txiw.geojson","felt":null,"cdi":null,"mmi":null,"alert":null,"status":"reviewed","tsunami":0,"sig":284,"net":"us","code":"6000txiw","ids":",us6000txiw,","sources":",us,","types":",origin,phase-data,","nst":26,"dmin":0.931,"rms":0.48,"gap":104,"magType":"mb","type":"earthquake","title":"M 4.3 - 52 km NNW of Khandūd, Afghanistan"},"geometry":{"type":"Point","coordinates":[72.1784,37.4128,212.621]},"id":"us6000txiw"},
{"type":"Feature","properties":{"mag":2.92,"place":"8 km WNW of Culebra, Puerto Rico","time":1790313303260,"updated":1790315295900,"tz":null,"url":"https://earthquake.usgs.gov/earthquakes/eventpage/pr71534578","detail":"https://earthquake.usgs.gov/earthquakes/feed/v1.0/detail/pr71534578.geojson","felt":null,"cdi":null,"mmi":null,"alert":null,"status":"reviewed","tsunami":0,"sig":131,"net":"pr","code":"71534578","ids":",pr71534578,","sources":",pr,","types":",origin,phase-data,","nst":12,"dmin":0.0943,"rms":0.31,"gap":170,"magType":"md","type":"earthquake","title":"M 2.9 - 8 km WNW of Culebra, Puerto Rico"},"geometry":{"type":"Point","coordinates":[-65.3771666666667,18.3361666666667,18.18]},"id":"pr71534578"},
{"type":"Feature","properties":{"mag":3.5,"place":"126 km WSW of Adak, Alaska","time":1790313044905,"updated":1790366427528,"tz":null,"url":"https://earthquake.usgs.gov/earthquakes/eventpage/aka2026szoffz","detail":"https://earthquake.usgs.gov/earthquakes/feed/v1.0/detail/aka2026szoffz.geojson","felt":null,"cdi":null,"mmi":3.688,"alert":null,"status":"reviewed","tsunami":0,"sig":188,"net":"ak","code":"a2026szoffz","ids":",aka2026szoffz,","sources":",ak,","types":",origin,phase-data,shakemap,","nst":27,"dmin":0.4,"rms":0.5,"gap":208,"magType":"ml","type":"earthquake","title":"M 3.5 - 126 km WSW of Adak, Alaska"},"geometry":{"type":"Point","coordinates":[-178.24,51.334,13.6]},"id":"aka2026szoffz"},
{"type":"Feature","properties":{"mag":5,"place":"124 km N of Metinaro, Timor Leste","time":1790310460435,"updated":1790400414526,"tz":null,"url":"https://earthquake.usgs.gov/earthquakes/eventpage/us6000txim","detail":"https://earthquake.usgs.gov/earthquakes/feed/v1.0/detail/us6000txim.geojson","felt":1,"cdi":2.7,"mmi":null,"alert":null,"status":"reviewed","tsunami":0,"sig":385,"net":"us","code":"6000txim","ids":",us6000txim,","sources":",us,","types":",dyfi,origin,phase-data,","nst":45,"dmin":6.37,"rms":1.13,"gap":91,"magType":"mb","type":"earthquake","title":"M 5.0 - 124 km N of Metinaro, Timor Leste"},"geometry":{"type":"Point","coordinates":[125.6985,-7.4036,10]},"id":"us6000txim"},
{"type":"Feature","properties":{"mag":4.4,"place":"32 km SSW of Huacho, Peru","time":1790310390062,"updated":1790370932018,"tz":null,"url":"https://earthquake.usgs.gov/earthquakes/eventpage/us6000txil","detail":"https://earthquake.usgs.gov/earthquakes/feed/v1.0/detail/us6000txil.geojson","felt":7,"cdi":4.3,"mmi":null,"alert":null,"status":"reviewed","tsunami":0,"sig":301,"net":"us","code":"6000txil","ids":",us6000txil,","sources":",us,","types":",dyfi,origin,phase-data,","nst":25,"dmin":1.051,"rms":0.47,"gap":157,"magType":"mb","type":"earthquake","title":"M 4.4 - 32 km SSW of Huacho, Peru"},"geometry":{"type":"Point","coordinates":[-77.721,-11.3812,45.943]},"id":"us6000txil"},
{"type":"Feature","properties":{"mag":4.1,"place":"16 km SSW of Vardane, Russia","time":1790304151424,"updated":1790306054716,"tz":null,"url":"https://earthquake.usgs.gov/earthquakes/eventpage/us6000txi7","detail":"https://earthquake.usgs.gov/earthquakes/feed/v1.0/detail/us6000txi7.geojson","felt":1,"cdi":3.8,"mmi":null,"alert":null,"status":"reviewed","tsunami":0,"sig":259,"net":"us","code":"6000txi7","ids":",us6000txi7,","sources":",us,","types":",dyfi,origin,phase-data,","nst":22,"dmin":2,"rms":0.63,"gap":73,"magType":"mb","type":"earthquake","title":"M 4.1 - 16 km SSW of Vardane, Russia"},"geometry":{"type":"Point","coordinates":[39.4641,43.5977,10]},"id":"us6000txi7"},
{"type":"Feature","properties":{"mag":3,"place":"55 km SSW of Whites City, New Mexico","time":1790303111103,"updated":1790304053588,"tz":null,"url":"https://earthquake.usgs.gov/earthquakes/eventpage/tx2026swhsch","detail":"https://earthquake.usgs.gov/earthquakes/feed/v1.0/detail/tx2026swhsch.geojson","felt":null,"cdi":null,"mmi":null,"alert":null,"status":"reviewed","tsunami":0,"sig":138,"net":"tx","code":"2026swhsch","ids":",us6000txi2,tx2026swhsch,","sources":",us,tx,","types":",origin,phase-data,","nst":37,"dmin":0,"rms":0.2,"gap":69,"magType":"ml","type":"earthquake","title":"M 3.0 - 55 km SSW of Whites City, New Mexico"},"geometry":{"type":"Point","coordinates":[-104.536,31.697,4.5618]},"id":"tx2026swhsch"},
{"type":"Feature","properties":{"mag":4.5,"place":"39 km WSW of Sipí, Colombia","time":1790297827267,"updated":1790307312040,"tz":null,"url":"https://earthquake.usgs.gov/earthquakes/eventpage/us6000txhs","detail":"https://earthquake.usgs.gov/earthquakes/feed/v1.0/detail/us6000txhs.geojson","felt":null,"cdi":null,"mmi":null,"alert":null,"status":"reviewed","tsunami":0,"sig":312,"net":"us","code":"6000txhs","ids":",us6000txhs,","sources":",us,","types":",origin,phase-data,","nst":38,"dmin":2.198,"rms":1.03,"gap":104,"magType":"mb","type":"earthquake","title":"M 4.5 - 39 km WSW of Sipí, Colombia"},"geometry":{"type":"Point","coordinates":[-76.9788,4.5217,52.219]},"id":"us6000txhs"},
{"type":"Feature","properties":{"mag":5.3,"place":"72 km NW of Finschhafen, Papua New Guinea","time":1790292628053,"updated":1790293735040,"tz":null,"url":"https://earthquake.usgs.gov/earthquakes/eventpage/us6000txhp","detail":"https://earthquake.usgs.gov/earthquakes/feed/v1.0/detail/us6000txhp.geojson","felt":null,"cdi":null,"mmi":null,"alert":null,"status":"reviewed","tsunami":0,"sig":432,"net":"us","code":"6000txhp","ids":",us6000txhp,","sources":",us,","types":",origin,phase-data,","nst":57,"dmin":3.305,"rms":0.91,"gap":43,"magType":"mww","type":"earthquake","title":"M 5.3 - 72 km NW of Finschhafen, Papua New Guinea"},"geometry":{"type":"Point","coordinates":[147.3935,-6.0863,53.586]},"id":"us6000txhp"},
{"type":"Feature","properties":{"mag":4.2,"place":"63 km WSW of Andacollo, Argentina","time":1790291974354,"updated":1790301472040,"tz":null,"url":"https://earthquake.usgs.gov/earthquakes/eventpage/us6000txhl","detail":"https://earthquake.usgs.gov/earthquakes/feed/v1.0/detail/us6000txhl.geojson","felt":null,"cdi":null,"mmi":null,"alert":null,"status":"reviewed","tsunami":0,"sig":271,"net":"us","code":"6000txhl","ids":",us6000txhl,","sources":",us,","types":",origin,phase-data,","nst":26,"dmin":1.699,"rms":0.7,"gap":141,"magType":"mb","type":"earthquake","title":"M 4.2 - 63 km WSW of Andacollo, Argentina"},"geometry":{"type":"Point","coordinates":[-71.293,-37.4621,174.336]},"id":"us6000txhl"},
{"type":"Feature","properties":{"mag":4.9,"place":"Kermadec Islands, New Zealand","time":1790288579185,"updated":1790295112040,"tz":null,"url":"https://earthquake.usgs.gov/earthquakes/eventpage/us6000txha","detail":"https://earthquake.usgs.gov/earthquakes/feed/v1.0/detail/us6000txha.geojson","felt":null,"cdi":null,"mmi":null,"alert":null,"status":"reviewed","tsunami":0,"sig":369,"net":"us","code":"6000txha","ids":",us6000txha,","sources":",us,","types":",origin,phase-data,","nst":40,"dmin":0.307,"rms":0.97,"gap":110,"magType":"mb","type":"earthquake","title":"M 4.9 - Kermadec Islands, New Zealand"},"geometry":{"type":"Point","coordinates":[-177.6601,-29.4432,48.811]},"id":"us6000txha"},
{"type":"Feature","properties":{"mag":2.9,"place":"5 km NNE of Point of Rocks, Wyoming","time":1790285653611,"updated":1790347902753,"tz":null,"url":"https://earthquake.usgs.gov/earthquakes/eventpage/us6000txh0","detail":"https://earthquake.usgs.gov/earthquakes/feed/v1.0/detail/us6000txh0.geojson","felt":null,"cdi":null,"mmi":null,"alert":null,"status":"reviewed","tsunami":0,"sig":129,"net":"us","code":"6000txh0","ids":",uu80157946,us6000txh0,","sources":",uu,us,","types":",origin,phase-data,trump-origin,","nst":54,"dmin":0.812,"rms":0.72,"gap":66,"magType":"ml","type":"mining explosion","title":"M 2.9 Mining Explosion - 5 km NNE of Point of Rocks, Wyoming"},"geometry":{"type":"Point","coordinates":[-108.7673,41.725,0]},"id":"us6000txh0"},
{"type":"Feature","properties":{"mag":2.65,"place":"6 km SW of Guánica, Puerto Rico","time":1790284905340,"updated":1790286921280,"tz":null,"url":"https://earthquake.usgs.gov/earthquakes/eventpage/pr71534443","detail":"https://earthquake.usgs.gov/earthquakes/feed/v1.0/detail/pr71534443.geojson","felt":null,"cdi":null,"mmi":null,"alert":null,"status":"reviewed","tsunami":0,"sig":108,"net":"pr","code":"71534443","ids":",pr71534443,","sources":",pr,","types":",origin,phase-data,","nst":8,"dmin":0.08738,"rms":0.11,"gap":227,"magType":"md","type":"earthquake","title":"M 2.7 - 6 km SW of Guánica, Puerto Rico"},"geometry":{"type":"Point","coordinates":[-66.9596666666667,17.9326666666667,7.71]},"id":"pr71534443"},
{"type":"Feature","properties":{"mag":2.8,"place":"32 km SW of Garden City, Texas","time":1790283421030,"updated":1790286598040,"tz":null,"url":"https://earthquake.usgs.gov/earthquakes/eventpage/tx2026svwvaw","detail":"https://earthquake.usgs.gov/earthquakes/feed/v1.0/detail/tx2026svwvaw.geojson","felt":null,"cdi":null,"mmi":null,"alert":null,"status":"reviewed","tsunami":0,"sig":121,"net":"tx","code":"2026svwvaw","ids":",us6000txgl,tx2026svwvaw,","sources":",us,tx,","types":",origin,phase-data,","nst":19,"dmin":0,"rms":0.1,"gap":59,"magType":"ml","type":"earthquake","title":"M 2.8 - 32 km SW of Garden City, Texas"},"geometry":{"type":"Point","coordinates":[-101.746,31.676,4.9072]},"id":"tx2026svwvaw"},
{"type":"Feature","properties":{"mag":3.2,"place":"32 km SW of Garden City, Texas","time":1790282001651,"updated":1790285315138,"tz":null,"url":"https://earthquake.usgs.gov/earthquakes/eventpage/tx2026svwaxy","detail":"https://earthquake.usgs.gov/earthquakes/feed/v1.0/detail/tx2026svwaxy.geojson","felt":1,"cdi":1,"mmi":null,"alert":null,"status":"reviewed","tsunami":0,"sig":158,"net":"tx","code":"2026svwaxy","ids":",us6000txgd,tx2026svwaxy,","sources":",us,tx,","types":",dyfi,origin,phase-data,","nst":26,"dmin":0,"rms":0.1,"gap":59,"magType":"ml","type":"earthquake","title":"M 3.2 - 32 km SW of Garden City, Texas"},"geometry":{"type":"Point","coordinates":[-101.74,31.671,5.4932]},"id":"tx2026svwaxy"},
{"type":"Feature","properties":{"mag":2.6,"place":"60 km SW of Cantwell, Alaska","time":1790281107490,"updated":1790286346040,"tz":null,"url":"https://earthquake.usgs.gov/earthquakes/eventpage/aka2026sywlqq","detail":"https://earthquake.usgs.gov/earthquakes/feed/v1.0/detail/aka2026sywlqq.geojson","felt":null,"cdi":null,"mmi":null,"alert":null,"status":"automatic","tsunami":0,"sig":104,"net":"ak","code":"a2026sywlqq","ids":",us6000txg8,aka2026sywlqq,","sources":",us,ak,","types":",origin,phase-data,","nst":92,"dmin":0.6,"rms":0.8,"gap":30,"magType":"ml","type":"earthquake","title":"M 2.6 - 60 km SW of Cantwell, Alaska"},"geometry":{"type":"Point","coordinates":[-149.943,63.084,85.5]},"id":"aka2026sywlqq"},
{"type":"Feature","properties":{"mag":4.6,"place":"155 km NW of Ternate, Indonesia","time":1790280325988,"updated":1790286075040,"tz":null,"url":"https://earthquake.usgs.gov/earthquakes/eventpage/us6000txg5","detail":"https://earthquake.usgs.gov/earthquakes/feed/v1.0/detail/us6000txg5.geojson","felt":null,"cdi":null,"mmi":null,"alert":null,"status":"reviewed","tsunami":0,"sig":326,"net":"us","code":"6000txg5","ids":",us6000txg5,","sources":",us,","types":",origin,phase-data,","nst":62,"dmin":9.658,"rms":0.99,"gap":77,"magType":"mb","type":"earthquake","title":"M 4.6 - 155 km NW of Ternate, Indonesia"},"geometry":{"type":"Point","coordinates":[126.5357,1.9132,48.469]},"id":"us6000txg5"},
{"type":"Feature","properties":{"mag":2.47,"place":"7 km SE of Pinnacles, CA","time":1790274429070,"updated":1790275941968,"tz":null,"url":"https://earthquake.usgs.gov/earthquakes/eventpage/nc75440987","detail":"https://earthquake.usgs.gov/earthquakes/feed/v1.0/detail/nc75440987.geojson","felt":null,"cdi":null,"mmi":null,"alert":null,"status":"automatic","tsunami":0,"sig":94,"net":"nc","code":"75440987","ids":",nc75440987,","sources":",nc,","types":",focal-mechanism,nearby-cities,origin,phase-data,scitech-link,","nst":41,"dmin":0.03914,"rms":0.19,"gap":64,"magType":"md","type":"earthquake","title":"M 2.5 - 7 km SE of Pinnacles, CA"},"geometry":{"type":"Point","coordinates":[-121.095832824707,36.4798316955566,4.6399998664856]},"id":"nc75440987"},
{"type":"Feature","properties":{"mag":5.1,"place":"32 km S of Kokopo, Papua New Guinea","time":1790272847703,"updated":1790273876040,"tz":null,"url":"https://earthquake.usgs.gov/earthquakes/eventpage/us6000txf9","detail":"https://earthquake.usgs.gov/earthquakes/feed/v1.0/detail/us6000txf9.geojson","felt":null,"cdi":null,"mmi":null,"alert":null,"status":"reviewed","tsunami":0,"sig":400,"net":"us","code":"6000txf9","ids":",us6000txf9,","sources":",us,","types":",origin,phase-data,","nst":65,"dmin":0.456,"rms":0.89,"gap":86,"magType":"mb","type":"earthquake","title":"M 5.1 - 32 km S of Kokopo, Papua New Guinea"},"geometry":{"type":"Point","coordinates":[152.2767,-4.6356,93.994]},"id":"us6000txf9"},
{"type":"Feature","properties":{"mag":3.04,"place":"56 km ENE of Punta Cana, Dominican Republic","time":1790272649290,"updated":1790275723320,"tz":null,"url":"https://earthquake.usgs.gov/earthquakes/eventpage/pr71534418","detail":"https://earthquake.usgs.gov/earthquakes/feed/v1.0/detail/pr71534418.geojson","felt":null,"cdi":null,"mmi":null,"alert":null,"status":"reviewed","tsunami":0,"sig":142,"net":"pr","code":"71534418","ids":",pr71534418,","sources":",pr,","types":",origin,phase-data,","nst":6,"dmin":0.5176,"rms":0.29,"gap":203,"magType":"md","type":"earthquake","title":"M 3.0 - 56 km ENE of Punta Cana, Dominican Republic"},"geometry":{"type":"Point","coordinates":[-67.91,18.7776666666667,20.14]},"id":"pr71534418"},
{"type":"Feature","properties":{"mag":3.4,"place":"33 km SSE of Hope, New Mexico","time":1790272573809,"updated":1790273640040,"tz":null,"url":"https://earthquake.usgs.gov/earthquakes/eventpage/us6000txf7","detail":"https://earthquake.usgs.gov/earthquakes/feed/v1.0/detail/us6000txf7.geojson","felt":null,"cdi":null,"mmi":null,"alert":null,"status":"reviewed","tsunami":0,"sig":178,"net":"us","code":"6000txf7","ids":",us6000txf7,","sources":",us,","types":",origin,phase-data,","nst":34,"dmin":0.086,"rms":0.23,"gap":78,"magType":"ml","type":"earthquake","title":"M 3.4 - 33 km SSE of Hope, New Mexico"},"geometry":{"type":"Point","coordinates":[-104.6362,32.5187,3.014]},"id":"us6000txf7"},
{"type":"Feature","properties":{"mag":2.7,"place":"34 km ESE of Pedro Bay, Alaska","time":1790272337387,"updated":1790284999040,"tz":null,"url":"https://earthquake.usgs.gov/earthquakes/eventpage/aka2026syrpcd","detail":"https://earthquake.usgs.gov/earthquakes/feed/v1.0/detail/aka2026syrpcd.geojson","felt":null,"cdi":null,"mmi":null,"alert":null,"status":"automatic","tsunami":0,"sig":112,"net":"ak","code":"a2026syrpcd","ids":",us6000txf5,aka2026syrpcd,","sources":",us,ak,","types":",origin,phase-data,","nst":119,"dmin":0.2,"rms":0.8,"gap":54,"magType":"ml","type":"earthquake","title":"M 2.7 - 34 km ESE of Pedro Bay, Alaska"},"geometry":{"type":"Point","coordinates":[-153.546,59.671,138.6]},"id":"aka2026syrpcd"},
{"type":"Feature","properties":{"mag":2.7,"place":"31 km SW of Garden City, Texas","time":1790270609606,"updated":1790284622040,"tz":null,"url":"https://earthquake.usgs.gov/earthquakes/eventpage/tx2026svpsys","detail":"https://earthquake.usgs.gov/earthquakes/feed/v1.0/detail/tx2026svpsys.geojson","felt":1,"cdi":2,"mmi":null,"alert":null,"status":"reviewed","tsunami":0,"sig":112,"net":"tx","code":"2026svpsys","ids":",tx2026svpsys,us6000txdz,","sources":",tx,us,","types":",dyfi,origin,phase-data,","nst":25,"dmin":0,"rms":0.1,"gap":60,"magType":"ml","type":"earthquake","title":"M 2.7 - 31 km SW of Garden City, Texas"},"geometry":{"type":"Point","coordinates":[-101.727,31.676,6.1768]},"id":"tx2026svpsys"},
{"type":"Feature","properties":{"mag":4.2,"place":"28 km WSW of Roncesvalles, Colombia","time":1790270074930,"updated":1790283904040,"tz":null,"url":"https://earthquake.usgs.gov/earthquakes/eventpage/us6000txdx","detail":"https://earthquake.usgs.gov/earthquakes/feed/v1.0/detail/us6000txdx.geojson","felt":null,"cdi":null,"mmi":null,"alert":null,"status":"reviewed","tsunami":0,"sig":271,"net":"us","code":"6000txdx","ids":",us6000txdx,","sources":",us,","types":",origin,phase-data,","nst":22,"dmin":1.771,"rms":0.42,"gap":168,"magType":"mb","type":"earthquake","title":"M 4.2 - 28 km WSW of Roncesvalles, Colombia"},"geometry":{"type":"Point","coordinates":[-75.858,3.9513,10]},"id":"us6000txdx"},
{"type":"Feature","properties":{"mag":2.5,"place":"17 km ESE of Pearsall, Texas","time":1790269668526,"updated":1790362053847,"tz":null,"url":"https://earthquake.usgs.gov/earthquakes/eventpage/tx2026svpfvl","detail":"https://earthquake.usgs.gov/earthquakes/feed/v1.0/detail/tx2026svpfvl.geojson","felt":null,"cdi":null,"mmi":null,"alert":null,"status":"reviewed","tsunami":0,"sig":96,"net":"tx","code":"2026svpfvl","ids":",tx2026svpfvl,","sources":",tx,","types":",origin,phase-data,","nst":17,"dmin":0.2,"rms":0.2,"gap":81,"magType":"ml","type":"earthquake","title":"M 2.5 - 17 km ESE of Pearsall, Texas"},"geometry":{"type":"Point","coordinates":[-98.936,28.826,8.6819]},"id":"tx2026svpfvl"},
{"type":"Feature","properties":{"mag":3.5,"place":"158 km SW of Nikolski, Alaska","time":1790268767906,"updated":1790343124040,"tz":null,"url":"https://earthquake.usgs.gov/earthquakes/eventpage/us6000txfy","detail":"https://earthquake.usgs.gov/earthquakes/feed/v1.0/detail/us6000txfy.geojson","felt":null,"cdi":null,"mmi":2.5,"alert":null,"status":"reviewed","tsunami":0,"sig":188,"net":"us","code":"6000txfy","ids":",aka2026sypoor,us6000txfy,","sources":",ak,us,","types":",origin,phase-data,shakemap,","nst":18,"dmin":0.871,"rms":0.98,"gap":213,"magType":"ml","type":"earthquake","title":"M 3.5 - 158 km SW of Nikolski, Alaska"},"geometry":{"type":"Point","coordinates":[-170.808,52.1563,10]},"id":"us6000txfy"},
{"type":"Feature","properties":{"mag":4.6,"place":"21 km NNW of Rioblanco, Colombia","time":1790268391662,"updated":1790277573040,"tz":null,"url":"https://earthquake.usgs.gov/earthquakes/eventpage/us6000txdb","detail":"https://earthquake.usgs.gov/earthquakes/feed/v1.0/detail/us6000txdb.geojson","felt":null,"cdi":null,"mmi":null,"alert":null,"status":"reviewed","tsunami":0,"sig":326,"net":"us","code":"6000txdb","ids":",us6000txdb,","sources":",us,","types":",origin,phase-data,","nst":39,"dmin":1.829,"rms":1.11,"gap":108,"magType":"mb","type":"earthquake","title":"M 4.6 - 21 km NNW of Rioblanco, Colombia"},"geometry":{"type":"Point","coordinates":[-75.7529,3.6948,10]},"id":"us6000txdb"},
{"type":"Feature","properties":{"mag":4.6,"place":"119 km SW of Abepura, Indonesia","time":1790267280188,"updated":1790273190040,"tz":null,"url":"https://earthquake.usgs.gov/earthquakes/eventpage/us6000txcw","detail":"https://earthquake.usgs.gov/earthquakes/feed/v1.0/detail/us6000txcw.geojson","felt":null,"cdi":null,"mmi":null,"alert":null,"status":"reviewed","tsunami":0,"sig":326,"net":"us","code":"6000txcw","ids":",us6000txcw,","sources":",us,","types":",origin,phase-data,","nst":29,"dmin":1.181,"rms":0.78,"gap":77,"magType":"mb","type":"earthquake","title":"M 4.6 - 119 km SW of Abepura, Indonesia"},"geometry":{"type":"Point","coordinates":[139.7677,-3.243,68.453]},"id":"us6000txcw"},
{"type":"Feature","properties":{"mag":2.68,"place":"1 km S of Orange Cove, CA","time":1790264428080,"updated":1790280968265,"tz":null,"url":"https://earthquake.usgs.gov/earthquakes/eventpage/nc75440902","detail":"https://earthquake.usgs.gov/earthquakes/feed/v1.0/detail/nc75440902.geojson","felt":1,"cdi":2,"mmi":null,"alert":null,"status":"automatic","tsunami":0,"sig":111,"net":"nc","code":"75440902","ids":",nc75440902,","sources":",nc,","types":",dyfi,nearby-cities,origin,phase-data,scitech-link,","nst":19,"dmin":0.2425,"rms":0.18,"gap":159,"magType":"md","type":"earthquake","title":"M 2.7 - 1 km S of Orange Cove, CA"},"geometry":{"type":"Point","coordinates":[-119.314331054688,36.6178321838379,19.4400005340576]},"id":"nc75440902"},
{"type":"Feature","properties":{"mag":2.9,"place":"37 km ESE of Balmorhea, Texas","time":1790260766649,"updated":1790262394040,"tz":null,"url":"https://earthquake.usgs.gov/earthquakes/eventpage/tx2026svkhwu","detail":"https://earthquake.usgs.gov/earthquakes/feed/v1.0/detail/tx2026svkhwu.geojson","felt":null,"cdi":null,"mmi":null,"alert":null,"status":"reviewed","tsunami":0,"sig":129,"net":"tx","code":"2026svkhwu","ids":",us6000txc9,tx2026svkhwu,","sources":",us,tx,","types":",origin,phase-data,","nst":25,"dmin":0.3,"rms":0.2,"gap":77,"magType":"ml","type":"earthquake","title":"M 2.9 - 37 km ESE of Balmorhea, Texas"},"geometry":{"type":"Point","coordinates":[-103.394,30.831,3.3569]},"id":"tx2026svkhwu"},
{"type":"Feature","properties":{"mag":2.7,"place":"35 km N of Valdez, Alaska","time":1790260432979,"updated":1790263393040,"tz":null,"url":"https://earthquake.usgs.gov/earthquakes/eventpage/aka2026sykywt","detail":"https://earthquake.usgs.gov/earthquakes/feed/v1.0/detail/aka2026sykywt.geojson","felt":null,"cdi":null,"mmi":null,"alert":null,"status":"automatic","tsunami":0,"sig":112,"net":"ak","code":"a2026sykywt","ids":",us6000txc7,aka2026sykywt,","sources":",us,ak,","types":",origin,phase-data,","nst":100,"dmin":0.2,"rms":0.9,"gap":18,"magType":"ml","type":"earthquake","title":"M 2.7 - 35 km N of Valdez, Alaska"},"geometry":{"type":"Point","coordinates":[-146.42,61.445,16.2]},"id":"aka2026sykywt"},
{"type":"Feature","properties":{"mag":2.9,"place":"159 km ESE of McCarthy, Alaska","time":1790259245188,"updated":1790262979040,"tz":null,"url":"https://earthquake.usgs.gov/earthquakes/eventpage/us6000txc4","detail":"https://earthquake.usgs.gov/earthquakes/feed/v1.0/detail/us6000txc4.geojson","felt":null,"cdi":null,"mmi":null,"alert":null,"status":"reviewed","tsunami":0,"sig":129,"net":"us","code":"6000txc4","ids":",us6000txc4,","sources":",us,","types":",origin,phase-data,","nst":25,"dmin":0.558,"rms":0.98,"gap":92,"magType":"ml","type":"earthquake","title":"M 2.9 - 159 km ESE of McCarthy, Alaska"},"geometry":{"type":"Point","coordinates":[-140.0197,61.1063,5]},"id":"us6000txc4"},
{"type":"Feature","properties":{"mag":4.5,"place":"106 km SW of Puerto Madero, Mexico","time":1790258562293,"updated":1790271944040,"tz":null,"url":"https://earthquake.usgs.gov/earthquakes/eventpage/us6000txc1","detail":"https://earthquake.usgs.gov/earthquakes/feed/v1.0/detail/us6000txc1.geojson","felt":null,"cdi":null,"mmi":null,"alert":null,"status":"reviewed","tsunami":0,"sig":312,"net":"us","code":"6000txc1","ids":",us6000txc1,","sources":",us,","types":",origin,phase-data,","nst":29,"dmin":2.363,"rms":0.86,"gap":221,"magType":"mb","type":"earthquake","title":"M 4.5 - 106 km SW of Puerto Madero, Mexico"},"geometry":{"type":"Point","coordinates":[-93.213,14.1475,10]},"id":"us6000txc1"},
{"type":"Feature","properties":{"mag":5.2,"place":"139 km SW of Kokopo, Papua New Guinea","time":1790252998824,"updated":1790253894040,"tz":null,"url":"https://earthquake.usgs.gov/earthquakes/eventpage/us6000txbm","detail":"https://earthquake.usgs.gov/earthquakes/feed/v1.0/detail/us6000txbm.geojson","felt":null,"cdi":null,"mmi":null,"alert":null,"status":"reviewed","tsunami":0,"sig":416,"net":"us","code":"6000txbm","ids":",us6000txbm,","sources":",us,","types":",origin,phase-data,","nst":50,"dmin":1.323,"rms":0.82,"gap":94,"magType":"mb","type":"earthquake","title":"M 5.2 - 139 km SW of Kokopo, Papua New Guinea"},"geometry":{"type":"Point","coordinates":[151.4915,-5.3396,95.598]},"id":"us6000txbm"},
{"type":"Feature","properties":{"mag":3.5,"place":"119 km ESE of Nikolski, Alaska","time":1790249652607,"updated":1790278394362,"tz":null,"url":"https://earthquake.usgs.gov/earthquakes/eventpage/aka2026syezcx","detail":"https://earthquake.usgs.gov/earthquakes/feed/v1.0/detail/aka2026syezcx.geojson","felt":null,"cdi":null,"mmi":1.031,"alert":null,"status":"reviewed","tsunami":0,"sig":188,"net":"ak","code":"a2026syezcx","ids":",aka2026syezcx,","sources":",ak,","types":",origin,phase-data,shakemap,","nst":20,"dmin":1.1,"rms":0.6,"gap":261,"magType":"ml","type":"earthquake","title":"M 3.5 - 119 km ESE of Nikolski, Alaska"},"geometry":{"type":"Point","coordinates":[-167.34,52.396,17.2]},"id":"aka2026syezcx"},
{"type":"Feature","properties":{"mag":4.9,"place":"Kermadec Islands, New Zealand","time":1790248104838,"updated":1790250141040,"tz":null,"url":"https://earthquake.usgs.gov/earthquakes/eventpage/us6000txb3","detail":"https://earthquake.usgs.gov/earthquakes/feed/v1.0/detail/us6000txb3.geojson","felt":null,"cdi":null,"mmi":null,"alert":null,"status":"reviewed","tsunami":0,"sig":369,"net":"us","code":"6000txb3","ids":",us6000txb3,","sources":",us,","types":",origin,phase-data,","nst":37,"dmin":0.987,"rms":1.12,"gap":82,"magType":"mb","type":"earthquake","title":"M 4.9 - Kermadec Islands, New Zealand"},"geometry":{"type":"Point","coordinates":[-177.8691,-30.2344,35]},"id":"us6000txb3"},
{"type":"Feature","properties":{"mag":3.2,"place":"216 km SSE of Akhiok, Alaska","time":1790243704538,"updated":1790277990607,"tz":null,"url":"https://earthquake.usgs.gov/earthquakes/eventpage/aka2026sybrit","detail":"https://earthquake.usgs.gov/earthquakes/feed/v1.0/detail/aka2026sybrit.geojson","felt":null,"cdi":null,"mmi":null,"alert":null,"status":"reviewed","tsunami":0,"sig":158,"net":"ak","code":"a2026sybrit","ids":",aka2026sybrit,","sources":",ak,","types":",origin,phase-data,","nst":47,"dmin":3.1,"rms":1.6,"gap":259,"magType":"ml","type":"earthquake","title":"M 3.2 - 216 km SSE of Akhiok, Alaska"},"geometry":{"type":"Point","coordinates":[-153.225,55.076,5]},"id":"aka2026sybrit"},
{"type":"Feature","properties":{"mag":2.7,"place":"30 km SW of Garden City, Texas","time":1790242690067,"updated":1790255724911,"tz":null,"url":"https://earthquake.usgs.gov/earthquakes/eventpage/tx2026svaiir","detail":"https://earthquake.usgs.gov/earthquakes/feed/v1.0/detail/tx2026svaiir.geojson","felt":null,"cdi":null,"mmi":null,"alert":null,"status":"reviewed","tsunami":0,"sig":112,"net":"tx","code":"2026svaiir","ids":",tx2026svaiir,","sources":",tx,","types":",origin,phase-data,","nst":41,"dmin":0,"rms":0.1,"gap":68,"magType":"ml","type":"earthquake","title":"M 2.7 - 30 km SW of Garden City, Texas"},"geometry":{"type":"Point","coordinates":[-101.721,31.682,8.8623]},"id":"tx2026svaiir"},
{"type":"Feature","properties":{"mag":3,"place":"32 km SW of Garden City, Texas","time":1790242599911,"updated":1790284022040,"tz":null,"url":"https://earthquake.usgs.gov/earthquakes/eventpage/tx2026svahau","detail":"https://earthquake.usgs.gov/earthquakes/feed/v1.0/detail/tx2026svahau.geojson","felt":1,"cdi":1,"mmi":null,"alert":null,"status":"reviewed","tsunami":0,"sig":139,"net":"tx","code":"2026svahau","ids":",tx2026svahau,us6000txan,","sources":",tx,us,","types":",dyfi,origin,phase-data,","nst":35,"dmin":0,"rms":0.1,"gap":59,"magType":"ml","type":"earthquake","title":"M 3.0 - 32 km SW of Garden City, Texas"},"geometry":{"type":"Point","coordinates":[-101.742,31.678,5.3955]},"id":"tx2026svahau"},
{"type":"Feature","properties":{"mag":3.6,"place":"32 km SW of Garden City, Texas","time":1790238968785,"updated":1790325658624,"tz":null,"url":"https://earthquake.usgs.gov/earthquakes/eventpage/tx2026suygvy","detail":"https://earthquake.usgs.gov/earthquakes/feed/v1.0/detail/tx2026suygvy.geojson","felt":2,"cdi":4.2,"mmi":3.8,"alert":"green","status":"reviewed","tsunami":0,"sig":200,"net":"tx","code":"2026suygvy","ids":",tx2026suygvy,us6000txa8,","sources":",tx,us,","types":",dyfi,losspager,moment-tensor,origin,phase-data,shakemap,","nst":37,"dmin":0,"rms":0.1,"gap":40,"magType":"ml","type":"earthquake","title":"M 3.6 - 32 km SW of Garden City, Texas"},"geometry":{"type":"Point","coordinates":[-101.742,31.671,5.542]},"id":"tx2026suygvy"},
{"type":"Feature","properties":{"mag":5.3,"place":"15 km SSW of Hilvan, Turkey","time":1790235658138,"updated":1790563717234,"tz":null,"url":"https://earthquake.usgs.gov/earthquakes/eventpage/us6000tx9u","detail":"https://earthquake.usgs.gov/earthquakes/feed/v1.0/detail/us6000tx9u.geojson","felt":10,"cdi":5.3,"mmi":null,"alert":null,"status":"reviewed","tsunami":0,"sig":437,"net":"us","code":"6000tx9u","ids":",us6000tx9u,","sources":",us,","types":",dyfi,moment-tensor,origin,phase-data,","nst":86,"dmin":0.968,"rms":0.84,"gap":64,"magType":"mww","type":"earthquake","title":"M 5.3 - 15 km SSW of Hilvan, Turkey"},"geometry":{"type":"Point","coordinates":[38.8612,37.4736,10]},"id":"us6000tx9u"},
{"type":"Feature","properties":{"mag":3.8,"place":"151 km S of False Pass, Alaska","time":1790234535885,"updated":1790277573570,"tz":null,"url":"https://earthquake.usgs.gov/earthquakes/eventpage/aka2026sxwopr","detail":"https://earthquake.usgs.gov/earthquakes/feed/v1.0/detail/aka2026sxwopr.geojson","felt":null,"cdi":null,"mmi":1.568,"alert":null,"status":"reviewed","tsunami":0,"sig":222,"net":"ak","code":"a2026sxwopr","ids":",aka2026sxwopr,","sources":",ak,","types":",origin,phase-data,shakemap,","nst":127,"dmin":1.1,"rms":1.2,"gap":204,"magType":"ml","type":"earthquake","title":"M 3.8 - 151 km S of False Pass, Alaska"},"geometry":{"type":"Point","coordinates":[-163.701,53.5,9.3]},"id":"aka2026sxwopr"},
{"type":"Feature","properties":{"mag":4.3,"place":"53 km WSW of San Antonio, Chile","time":1790233625252,"updated":1790240565040,"tz":null,"url":"https://earthquake.usgs.gov/earthquakes/eventpage/us6000tx9m","detail":"https://earthquake.usgs.gov/earthquakes/feed/v1.0/detail/us6000tx9m.geojson","felt":null,"cdi":null,"mmi":null,"alert":null,"status":"reviewed","tsunami":0,"sig":284,"net":"us","code":"6000tx9m","ids":",us6000tx9m,","sources":",us,","types":",origin,phase-data,","nst":27,"dmin":0.444,"rms":0.84,"gap":162,"magType":"mb","type":"earthquake","title":"M 4.3 - 53 km WSW of San Antonio, Chile"},"geometry":{"type":"Point","coordinates":[-72.1057,-33.8294,31.376]},"id":"us6000tx9m"},
{"type":"Feature","properties":{"mag":2.9,"place":"16 km SE of Karluk, Alaska","time":1790225634476,"updated":1790225918966,"tz":null,"url":"https://earthquake.usgs.gov/earthquakes/eventpage/aka2026sxrotv","detail":"https://earthquake.usgs.gov/earthquakes/feed/v1.0/detail/aka2026sxrotv.geojson","felt":null,"cdi":null,"mmi":null,"alert":null,"status":"automatic","tsunami":0,"sig":129,"net":"ak","code":"a2026sxrotv","ids":",aka2026sxrotv,","sources":",ak,","types":",origin,phase-data,","nst":97,"dmin":0.6,"rms":0.6,"gap":67,"magType":"ml","type":"earthquake","title":"M 2.9 - 16 km SE of Karluk, Alaska"},"geometry":{"type":"Point","coordinates":[-154.244,57.471,23.1]},"id":"aka2026sxrotv"},
{"type":"Feature","properties":{"mag":2.9,"place":"50 km E of Yakutat, Alaska","time":1790222396424,"updated":1790222839040,"tz":null,"url":"https://earthquake.usgs.gov/earthquakes/eventpage/aka2026sxpvgj","detail":"https://earthquake.usgs.gov/earthquakes/feed/v1.0/detail/aka2026sxpvgj.geojson","felt":null,"cdi":null,"mmi":null,"alert":null,"status":"automatic","tsunami":0,"sig":129,"net":"ak","code":"a2026sxpvgj","ids":",us6000tx8t,aka2026sxpvgj,","sources":",us,ak,","types":",origin,phase-data,","nst":42,"dmin":0.3,"rms":0.8,"gap":113,"magType":"ml","type":"earthquake","title":"M 2.9 - 50 km E of Yakutat, Alaska"},"geometry":{"type":"Point","coordinates":[-138.844,59.59,0.5]},"id":"aka2026sxpvgj"},
{"type":"Feature","properties":{"mag":4.5,"place":"31 km NNW of Komodo, Indonesia","time":1790220626013,"updated":1790221910040,"tz":null,"url":"https://earthquake.usgs.gov/earthquakes/eventpage/us6000tx8q","detail":"https://earthquake.usgs.gov/earthquakes/feed/v1.0/detail/us6000tx8q.geojson","felt":null,"cdi":null,"mmi":null,"alert":null,"status":"reviewed","tsunami":0,"sig":312,"net":"us","code":"6000tx8q","ids":",us6000tx8q,","sources":",us,","types":",origin,phase-data,","nst":25,"dmin":3.316,"rms":0.32,"gap":126,"magType":"mb","type":"earthquake","title":"M 4.5 - 31 km NNW of Komodo, Indonesia"},"geometry":{"type":"Point","coordinates":[119.3665,-8.33,10]},"id":"us6000tx8q"},
{"type":"Feature","properties":{"mag":2.62,"place":"17 km WSW of Johannesburg, CA","time":1790219502650,"updated":1790287555217,"tz":null,"url":"https://earthquake.usgs.gov/earthquakes/eventpage/ci41338223","detail":"https://earthquake.usgs.gov/earthquakes/feed/v1.0/detail/ci41338223.geojson","felt":1,"cdi":2,"mmi":null,"alert":null,"status":"reviewed","tsunami":0,"sig":106,"net":"ci","code":"41338223","ids":",ci41338223,us6000tx8n,","sources":",ci,us,","types":",dyfi,focal-mechanism,nearby-cities,origin,phase-data,scitech-link,","nst":53,"dmin":0.05664,"rms":0.15,"gap":33,"magType":"ml","type":"earthquake","title":"M 2.6 - 17 km WSW of Johannesburg, CA"},"geometry":{"type":"Point","coordinates":[-117.804,35.3126666666667,7.18]},"id":"ci41338223"},
{"type":"Feature","properties":{"mag":3.7,"place":"14 km SSE of Susitna North, Alaska","time":1790213240927,"updated":1790357397924,"tz":null,"url":"https://earthquake.usgs.gov/earthquakes/eventpage/aka2026sxksxl","detail":"https://earthquake.usgs.gov/earthquakes/feed/v1.0/detail/aka2026sxksxl.geojson","felt":49,"cdi":3.1,"mmi":3.409,"alert":null,"status":"reviewed","tsunami":0,"sig":226,"net":"ak","code":"a2026sxksxl","ids":",aka2026sxksxl,us6000tx7r,","sources":",ak,us,","types":",dyfi,moment-tensor,origin,phase-data,shakemap,","nst":207,"dmin":0.4,"rms":1.1,"gap":26,"magType":"ml","type":"earthquake","title":"M 3.7 - 14 km SSE of Susitna North, Alaska"},"geometry":{"type":"Point","coordinates":[-149.756,62.04,26.8]},"id":"aka2026sxksxl"},
{"type":"Feature","properties":{"mag":4.3,"place":"282 km WNW of Neiafu, Tonga","time":1790211230791,"updated":1790223669040,"tz":null,"url":"https://earthquake.usgs.gov/earthquakes/eventpage/us6000tx7k","detail":"https://earthquake.usgs.gov/earthquakes/feed/v1.0/detail/us6000tx7k.geojson","felt":null,"cdi":null,"mmi":null,"alert":null,"status":"reviewed","tsunami":0,"sig":284,"net":"us","code":"6000tx7k","ids":",us6000tx7k,","sources":",us,","types":",origin,phase-data,","nst":32,"dmin":4.291,"rms":0.95,"gap":82,"magType":"mb","type":"earthquake","title":"M 4.3 - 282 km WNW of Neiafu, Tonga"},"geometry":{"type":"Point","coordinates":[-176.2226,-17.2621,338.174]},"id":"us6000tx7k"},
{"type":"Feature","properties":{"mag":3.8,"place":"46 km SSE of Antofagasta, Chile","time":1790211022231,"updated":1790483136040,"tz":null,"url":"https://earthquake.usgs.gov/earthquakes/eventpage/us6000tx7j","detail":"https://earthquake.usgs.gov/earthquakes/feed/v1.0/detail/us6000tx7j.geojson","felt":null,"cdi":null,"mmi":null,"alert":null,"status":"reviewed","tsunami":0,"sig":222,"net":"us","code":"6000tx7j","ids":",us6000tx7j,","sources":",us,","types":",moment-tensor,origin,phase-data,","nst":24,"dmin":0.598,"rms":1.21,"gap":147,"magType":"mwr","type":"earthquake","title":"M 3.8 - 46 km SSE of Antofagasta, Chile"},"geometry":{"type":"Point","coordinates":[-70.2995,-24.067,37.277]},"id":"us6000tx7j"},
{"type":"Feature","properties":{"mag":4.6,"place":"223 km WNW of Abepura, Indonesia","time":1790209598374,"updated":1790221333040,"tz":null,"url":"https://earthquake.usgs.gov/earthquakes/eventpage/us6000tx7g","detail":"https://earthquake.usgs.gov/earthquakes/feed/v1.0/detail/us6000tx7g.geojson","felt":null,"cdi":null,"mmi":null,"alert":null,"status":"reviewed","tsunami":0,"sig":326,"net":"us","code":"6000tx7g","ids":",us6000tx7g,","sources":",us,","types":",origin,phase-data,","nst":41,"dmin":2.043,"rms":0.43,"gap":79,"magType":"mb","type":"earthquake","title":"M 4.6 - 223 km WNW of Abepura, Indonesia"},"geometry":{"type":"Point","coordinates":[138.7809,-1.8133,35]},"id":"us6000tx7g"},
{"type":"Feature","properties":{"mag":3.74,"place":"47 km SE of Boca de Yuma, Dominican Republic","time":1790208448770,"updated":1790220854040,"tz":null,"url":"https://earthquake.usgs.gov/earthquakes/eventpage/pr2026267000","detail":"https://earthquake.usgs.gov/earthquakes/feed/v1.0/detail/pr2026267000.geojson","felt":null,"cdi":null,"mmi":null,"alert":null,"status":"reviewed","tsunami":0,"sig":215,"net":"pr","code":"2026267000","ids":",us6000tx7a,pr2026267000,","sources":",us,pr,","types":",origin,phase-data,","nst":16,"dmin":0.4463,"rms":0.45,"gap":209,"magType":"md","type":"earthquake","title":"M 3.7 - 47 km SE of Boca de Yuma, Dominican Republic"},"geometry":{"type":"Point","coordinates":[-68.2911,18.0768,87]},"id":"pr2026267000"},
{"type":"Feature","properties":{"mag":3,"place":"13 km ENE of Slana, Alaska","time":1790208325735,"updated":1790219581040,"tz":null,"url":"https://earthquake.usgs.gov/earthquakes/eventpage/aka2026sxhzwp","detail":"https://earthquake.usgs.gov/earthquakes/feed/v1.0/detail/aka2026sxhzwp.geojson","felt":null,"cdi":null,"mmi":null,"alert":null,"status":"automatic","tsunami":0,"sig":138,"net":"ak","code":"a2026sxhzwp","ids":",us6000tx79,aka2026sxhzwp,","sources":",us,ak,","types":",origin,phase-data,","nst":96,"dmin":0.5,"rms":1.3,"gap":42,"magType":"ml","type":"earthquake","title":"M 3.0 - 13 km ENE of Slana, Alaska"},"geometry":{"type":"Point","coordinates":[-143.743,62.767,5]},"id":"aka2026sxhzwp"},
{"type":"Feature","properties":{"mag":3.18,"place":"14 km SSE of Honaunau-Napoopoo, Hawaii","time":1790208312310,"updated":1790245210548,"tz":null,"url":"https://earthquake.usgs.gov/earthquakes/eventpage/hv75042947","detail":"https://earthquake.usgs.gov/earthquakes/feed/v1.0/detail/hv75042947.geojson","felt":12,"cdi":2.2,"mmi":null,"alert":null,"status":"reviewed","tsunami":0,"sig":158,"net":"hv","code":"75042947","ids":",hv75042947,us6000tx78,","sources":",hv,us,","types":",dyfi,origin,phase-data,","nst":46,"dmin":0.07731,"rms":0.25,"gap":176,"magType":"ml","type":"earthquake","title":"M 3.2 - 14 km SSE of Honaunau-Napoopoo, Hawaii"},"geometry":{"type":"Point","coordinates":[-155.827666666667,19.3303333333333,7.39]},"id":"hv75042947"},
{"type":"Feature","properties":{"mag":4.4,"place":"41 km NNE of Kuji, Japan","time":1790199324732,"updated":1790216976040,"tz":null,"url":"https://earthquake.usgs.gov/earthquakes/eventpage/us6000tx6g","detail":"https://earthquake.usgs.gov/earthquakes/feed/v1.0/detail/us6000tx6g.geojson","felt":null,"cdi":null,"mmi":null,"alert":null,"status":"reviewed","tsunami":0,"sig":298,"net":"us","code":"6000tx6g","ids":",us6000tx6g,","sources":",us,","types":",origin,phase-data,","nst":28,"dmin":0.756,"rms":0.7,"gap":146,"magType":"mb","type":"earthquake","title":"M 4.4 - 41 km NNE of Kuji, Japan"},"geometry":{"type":"Point","coordinates":[141.9929,40.5193,65.283]},"id":"us6000tx6g"},
{"type":"Feature","properties":{"mag":2.96,"place":"17 km WSW of Johannesburg, CA","time":1790196276440,"updated":1790441583040,"tz":null,"url":"https://earthquake.usgs.gov/earthquakes/eventpage/ci41337999","detail":"https://earthquake.usgs.gov/earthquakes/feed/v1.0/detail/ci41337999.geojson","felt":null,"cdi":null,"mmi":null,"alert":null,"status":"reviewed","tsunami":0,"sig":135,"net":"ci","code":"41337999","ids":",ci41337999,us6000tx67,","sources":",ci,us,","types":",focal-mechanism,nearby-cities,origin,phase-data,scitech-link,","nst":54,"dmin":0.05365,"rms":0.15,"gap":32,"magType":"ml","type":"earthquake","title":"M 3.0 - 17 km WSW of Johannesburg, CA"},"geometry":{"type":"Point","coordinates":[-117.8055,35.3098333333333,7.23]},"id":"ci41337999"},
{"type":"Feature","properties":{"mag":4.6,"place":"9 km S of San Antonio, Colombia","time":1790194184688,"updated":1790371326498,"tz":null,"url":"https://earthquake.usgs.gov/earthquakes/eventpage/us6000tx60","detail":"https://earthquake.usgs.gov/earthquakes/feed/v1.0/detail/us6000tx60.geojson","felt":1,"cdi":3.8,"mmi":null,"alert":null,"status":"reviewed","tsunami":0,"sig":326,"net":"us","code":"6000tx60","ids":",us6000tx60,","sources":",us,","types":",dyfi,origin,phase-data,","nst":69,"dmin":1.525,"rms":1.07,"gap":57,"magType":"mb","type":"earthquake","title":"M 4.6 - 9 km S of San Antonio, Colombia"},"geometry":{"type":"Point","coordinates":[-75.4702,3.8318,74.535]},"id":"us6000tx60"},
{"type":"Feature","properties":{"mag":2.45,"place":"17 km WSW of Johannesburg, CA","time":1790193570120,"updated":1790195187660,"tz":null,"url":"https://earthquake.usgs.gov/earthquakes/eventpage/ci41337943","detail":"https://earthquake.usgs.gov/earthquakes/feed/v1.0/detail/ci41337943.geojson","felt":null,"cdi":null,"mmi":null,"alert":null,"status":"reviewed","tsunami":0,"sig":92,"net":"ci","code":"41337943","ids":",ci41337943,","sources":",ci,","types":",focal-mechanism,nearby-cities,origin,phase-data,scitech-link,","nst":54,"dmin":0.05661,"rms":0.19,"gap":25,"magType":"ml","type":"earthquake","title":"M 2.5 - 17 km WSW of Johannesburg, CA"},"geometry":{"type":"Point","coordinates":[-117.8015,35.311,6.47]},"id":"ci41337943"},
{"type":"Feature","properties":{"mag":2.69,"place":"25 km SW of Toms Place, CA","time":1790188136100,"updated":1790191342331,"tz":null,"url":"https://earthquake.usgs.gov/earthquakes/eventpage/nc75440422","detail":"https://earthquake.usgs.gov/earthquakes/feed/v1.0/detail/nc75440422.geojson","felt":null,"cdi":null,"mmi":null,"alert":null,"status":"automatic","tsunami":0,"sig":111,"net":"nc","code":"75440422","ids":",nc75440422,nn00924795,","sources":",nc,nn,","types":",focal-mechanism,nearby-cities,origin,phase-data,scitech-link,","nst":29,"dmin":0.1788,"rms":0.07,"gap":96,"magType":"md","type":"earthquake","title":"M 2.7 - 25 km SW of Toms Place, CA"},"geometry":{"type":"Point","coordinates":[-118.890167236328,37.417667388916,2.97000002861023]},"id":"nc75440422"},
{"type":"Feature","properties":{"mag":5,"place":"139 km NNE of Ba, Fiji","time":1790185566554,"updated":1790364588040,"tz":null,"url":"https://earthquake.usgs.gov/earthquakes/eventpage/us6000tx58","detail":"https://earthquake.usgs.gov/earthquakes/feed/v1.0/detail/us6000tx58.geojson","felt":null,"cdi":null,"mmi":null,"alert":null,"status":"reviewed","tsunami":0,"sig":385,"net":"us","code":"6000tx58","ids":",us6000tx58,","sources":",us,","types":",origin,phase-data,","nst":49,"dmin":1.303,"rms":0.82,"gap":72,"magType":"mww","type":"earthquake","title":"M 5.0 - 139 km NNE of Ba, Fiji"},"geometry":{"type":"Point","coordinates":[178.0237,-16.3155,10]},"id":"us6000tx58"},
{"type":"Feature","properties":{"mag":2.8,"place":"56 km WNW of Anchor Point, Alaska","time":1790185128483,"updated":1790364170040,"tz":null,"url":"https://earthquake.usgs.gov/earthquakes/eventpage/aka2026swvbrg","detail":"https://earthquake.usgs.gov/earthquakes/feed/v1.0/detail/aka2026swvbrg.geojson","felt":null,"cdi":null,"mmi":null,"alert":null,"status":"automatic","tsunami":0,"sig":121,"net":"ak","code":"a2026swvbrg","ids":",us6000tx55,aka2026swvbrg,","sources":",us,ak,","types":",origin,phase-data,","nst":137,"dmin":0.1,"rms":0.8,"gap":57,"magType":"ml","type":"earthquake","title":"M 2.8 - 56 km WNW of Anchor Point, Alaska"},"geometry":{"type":"Point","coordinates":[-152.819,59.882,101]},"id":"aka2026swvbrg"},
{"type":"Feature","properties":{"mag":4.9,"place":"193 km SE of Mata-Utu, Wallis and Futuna","time":1790184032721,"updated":1790185254040,"tz":null,"url":"https://earthquake.usgs.gov/earthquakes/eventpage/us6000tx53","detail":"https://earthquake.usgs.gov/earthquakes/feed/v1.0/detail/us6000tx53.geojson","felt":null,"cdi":null,"mmi":null,"alert":null,"status":"reviewed","tsunami":0,"sig":369,"net":"us","code":"6000tx53","ids":",us6000tx53,","sources":",us,","types":",origin,phase-data,","nst":65,"dmin":3.253,"rms":0.84,"gap":51,"magType":"mb","type":"earthquake","title":"M 4.9 - 193 km SE of Mata-Utu, Wallis and Futuna"},"geometry":{"type":"Point","coordinates":[-175.0529,-14.6397,10]},"id":"us6000tx53"},
{"type":"Feature","properties":{"mag":4.6,"place":"59 km WNW of San Antonio de los Cobres, Argentina","time":1790182117858,"updated":1790242432196,"tz":null,"url":"https://earthquake.usgs.gov/earthquakes/eventpage/us6000tx4w","detail":"https://earthquake.usgs.gov/earthquakes/feed/v1.0/detail/us6000tx4w.geojson","felt":0,"cdi":1,"mmi":null,"alert":null,"status":"reviewed","tsunami":0,"sig":326,"net":"us","code":"6000tx4w","ids":",us6000tx4w,","sources":",us,","types":",dyfi,origin,phase-data,","nst":58,"dmin":1.632,"rms":1.05,"gap":45,"magType":"mb","type":"earthquake","title":"M 4.6 - 59 km WNW of San Antonio de los Cobres, Argentina"},"geometry":{"type":"Point","coordinates":[-66.8891,-24.0812,193.188]},"id":"us6000tx4w"},
{"type":"Feature","properties":{"mag":3.4,"place":"33 km W of Nanwalek, Alaska","time":1790181490842,"updated":1790189258040,"tz":null,"url":"https://earthquake.usgs.gov/earthquakes/eventpage/aka2026swtbxe","detail":"https://earthquake.usgs.gov/earthquakes/feed/v1.0/detail/aka2026swtbxe.geojson","felt":null,"cdi":null,"mmi":null,"alert":null,"status":"automatic","tsunami":0,"sig":178,"net":"ak","code":"a2026swtbxe","ids":",us6000tx4v,aka2026swtbxe,","sources":",us,ak,","types":",origin,phase-data,","nst":203,"dmin":0.4,"rms":0.9,"gap":78,"magType":"ml","type":"earthquake","title":"M 3.4 - 33 km W of Nanwalek, Alaska"},"geometry":{"type":"Point","coordinates":[-152.503,59.402,71.8]},"id":"aka2026swtbxe"},
{"type":"Feature","properties":{"mag":2.58,"place":"2 km NW of Hollister, CA","time":1790179210570,"updated":1790270474249,"tz":null,"url":"https://earthquake.usgs.gov/earthquakes/eventpage/nc75440387","detail":"https://earthquake.usgs.gov/earthquakes/feed/v1.0/detail/nc75440387.geojson","felt":24,"cdi":3.8,"mmi":null,"alert":null,"status":"automatic","tsunami":0,"sig":112,"net":"nc","code":"75440387","ids":",nc75440387,","sources":",nc,","types":",dyfi,focal-mechanism,nearby-cities,origin,phase-data,scitech-link,","nst":63,"dmin":0.08267,"rms":0.12,"gap":33,"magType":"md","type":"earthquake","title":"M 2.6 - 2 km NW of Hollister, CA"},"geometry":{"type":"Point","coordinates":[-121.415000915527,36.8610000610352,6.07000017166138]},"id":"nc75440387"},
{"type":"Feature","properties":{"mag":2.6,"place":"74 km WSW of Cantwell, Alaska","time":1790177693093,"updated":1790183776040,"tz":null,"url":"https://earthquake.usgs.gov/earthquakes/eventpage/aka2026swqzfi","detail":"https://earthquake.usgs.gov/earthquakes/feed/v1.0/detail/aka2026swqzfi.geojson","felt":null,"cdi":null,"mmi":null,"alert":null,"status":"automatic","tsunami":0,"sig":104,"net":"ak","code":"a2026swqzfi","ids":",us6000tx3t,aka2026swqzfi,","sources":",us,ak,","types":",origin,phase-data,","nst":93,"dmin":0.7,"rms":0.7,"gap":37,"magType":"ml","type":"earthquake","title":"M 2.6 - 74 km WSW of Cantwell, Alaska"},"geometry":{"type":"Point","coordinates":[-150.384,63.2,114.6]},"id":"aka2026swqzfi"},
{"type":"Feature","properties":{"mag":3.18,"place":"17 km WSW of Johannesburg, CA","time":1790175708370,"updated":1790524216703,"tz":null,"url":"https://earthquake.usgs.gov/earthquakes/eventpage/ci41337695","detail":"https://earthquake.usgs.gov/earthquakes/feed/v1.0/detail/ci41337695.geojson","felt":4,"cdi":2.2,"mmi":null,"alert":null,"status":"reviewed","tsunami":0,"sig":156,"net":"ci","code":"41337695","ids":",ci41337695,us6000tx3q,","sources":",ci,us,","types":",dyfi,focal-mechanism,nearby-cities,origin,phase-data,scitech-link,","nst":53,"dmin":0.05216,"rms":0.15,"gap":55,"magType":"ml","type":"earthquake","title":"M 3.2 - 17 km WSW of Johannesburg, CA"},"geometry":{"type":"Point","coordinates":[-117.804166666667,35.307,6.75]},"id":"ci41337695"},
{"type":"Feature","properties":{"mag":4.6,"place":"south of the Fiji Islands","time":1790174735743,"updated":1790176040040,"tz":null,"url":"https://earthquake.usgs.gov/earthquakes/eventpage/us6000tx3n","detail":"https://earthquake.usgs.gov/earthquakes/feed/v1.0/detail/us6000tx3n.geojson","felt":null,"cdi":null,"mmi":null,"alert":null,"status":"reviewed","tsunami":0,"sig":326,"net":"us","code":"6000tx3n","ids":",us6000tx3n,","sources":",us,","types":",origin,phase-data,","nst":73,"dmin":6.299,"rms":1.1,"gap":124,"magType":"mb","type":"earthquake","title":"M 4.6 - south of the Fiji Islands"},"geometry":{"type":"Point","coordinates":[179.2578,-23.9741,528.269]},"id":"us6000tx3n"},
{"type":"Feature","properties":{"mag":5.7,"place":"180 km NW of Hihifo, Tonga","time":1790174462650,"updated":1790264703040,"tz":null,"url":"https://earthquake.usgs.gov/earthquakes/eventpage/us6000tx3m","detail":"https://earthquake.usgs.gov/earthquakes/feed/v1.0/detail/us6000tx3m.geojson","felt":null,"cdi":null,"mmi":3.962,"alert":"green","status":"reviewed","tsunami":0,"sig":500,"net":"us","code":"6000tx3m","ids":",us6000tx3m,","sources":",us,","types":",losspager,moment-tensor,origin,phase-data,shakemap,","nst":49,"dmin":3.383,"rms":0.73,"gap":102,"magType":"mww","type":"earthquake","title":"M 5.7 - 180 km NW of Hihifo, Tonga"},"geometry":{"type":"Point","coordinates":[-175.1114,-14.9369,10]},"id":"us6000tx3m"},
{"type":"Feature","properties":{"mag":4.2,"place":"21 km ENE of Lais, Philippines","time":1790173172302,"updated":1790180399040,"tz":null,"url":"https://earthquake.usgs.gov/earthquakes/eventpage/us6000tx3l","detail":"https://earthquake.usgs.gov/earthquakes/feed/v1.0/detail/us6000tx3l.geojson","felt":null,"cdi":null,"mmi":null,"alert":null,"status":"reviewed","tsunami":0,"sig":271,"net":"us","code":"6000tx3l","ids":",us6000tx3l,","sources":",us,","types":",origin,phase-data,","nst":36,"dmin":0.684,"rms":0.63,"gap":108,"magType":"mb","type":"earthquake","title":"M 4.2 - 21 km ENE of Lais, Philippines"},"geometry":{"type":"Point","coordinates":[125.8221,6.4256,150.252]},"id":"us6000tx3l"},
{"type":"Feature","properties":{"mag":3.1,"place":"75 km WSW of Karluk, Alaska","time":1790170225056,"updated":1790176624040,"tz":null,"url":"https://earthquake.usgs.gov/earthquakes/eventpage/aka2026swmvfb","detail":"https://earthquake.usgs.gov/earthquakes/feed/v1.0/detail/aka2026swmvfb.geojson","felt":null,"cdi":null,"mmi":null,"alert":null,"status":"automatic","tsunami":0,"sig":148,"net":"ak","code":"a2026swmvfb","ids":",us6000tx3c,aka2026swmvfb,","sources":",us,ak,","types":",origin,phase-data,","nst":130,"dmin":0.6,"rms":1.2,"gap":112,"magType":"ml","type":"earthquake","title":"M 3.1 - 75 km WSW of Karluk, Alaska"},"geometry":{"type":"Point","coordinates":[-155.508,57.202,51.3]},"id":"aka2026swmvfb"},
{"type":"Feature","properties":{"mag":2.57,"place":"4 km S of Pāhala, Hawaii","time":1790170060550,"updated":1790196762210,"tz":null,"url":"https://earthquake.usgs.gov/earthquakes/eventpage/hv75042652","detail":"https://earthquake.usgs.gov/earthquakes/feed/v1.0/detail/hv75042652.geojson","felt":null,"cdi":null,"mmi":null,"alert":null,"status":"reviewed","tsunami":0,"sig":102,"net":"hv","code":"75042652","ids":",us6000tx3b,hv75042652,","sources":",us,hv,","types":",origin,phase-data,","nst":48,"dmin":0.0225,"rms":0.19,"gap":117,"magType":"ml","type":"earthquake","title":"M 2.6 - 4 km S of Pāhala, Hawaii"},"geometry":{"type":"Point","coordinates":[-155.484833333333,19.1621666666667,10.48]},"id":"hv75042652"},
{"type":"Feature","properties":{"mag":5,"place":"Mariana Islands region","time":1790168511614,"updated":1790514713417,"tz":null,"url":"https://earthquake.usgs.gov/earthquakes/eventpage/us6000tx38","detail":"https://earthquake.usgs.gov/earthquakes/feed/v1.0/detail/us6000tx38.geojson","felt":null,"cdi":null,"mmi":null,"alert":null,"status":"reviewed","tsunami":0,"sig":385,"net":"us","code":"6000tx38","ids":",us6000tx38,","sources":",us,","types":",event-sequence,oaf,origin,phase-data,","nst":140,"dmin":6.912,"rms":0.56,"gap":26,"magType":"mb","type":"earthquake","title":"M 5.0 - Mariana Islands region"},"geometry":{"type":"Point","coordinates":[143.0239,21.6622,306.016]},"id":"us6000tx38"},
{"type":"Feature","properties":{"mag":3.21,"place":"65 km SE of Punta Cana, Dominican Republic","time":1790167038460,"updated":1790241481040,"tz":null,"url":"https://earthquake.usgs.gov/earthquakes/eventpage/pr71534228","detail":"https://earthquake.usgs.gov/earthquakes/feed/v1.0/detail/pr71534228.geojson","felt":null,"cdi":null,"mmi":null,"alert":null,"status":"reviewed","tsunami":0,"sig":159,"net":"pr","code":"71534228","ids":",us6000tx32,pr71534228,","sources":",us,pr,","types":",origin,phase-data,","nst":11,"dmin":0.5264,"rms":0.31,"gap":202,"magType":"md","type":"earthquake","title":"M 3.2 - 65 km SE of Punta Cana, Dominican Republic"},"geometry":{"type":"Point","coordinates":[-68.0333333333333,18.1023333333333,42.45]},"id":"pr71534228"},
{"type":"Feature","properties":{"mag":4.6,"place":"106 km WNW of Ternate, Indonesia","time":1790166200274,"updated":1790169301040,"tz":null,"url":"https://earthquake.usgs.gov/earthquakes/eventpage/us6000tx31","detail":"https://earthquake.usgs.gov/earthquakes/feed/v1.0/detail/us6000tx31.geojson","felt":null,"cdi":null,"mmi":null,"alert":null,"status":"reviewed","tsunami":0,"sig":326,"net":"us","code":"6000tx31","ids":",us6000tx31,","sources":",us,","types":",origin,phase-data,","nst":32,"dmin":14.357,"rms":0.5,"gap":93,"magType":"mb","type":"earthquake","title":"M 4.6 - 106 km WNW of Ternate, Indonesia"},"geometry":{"type":"Point","coordinates":[126.5263,1.217,48.462]},"id":"us6000tx31"},
{"type":"Feature","properties":{"mag":3.1,"place":"236 km SE of Chiniak, Alaska","time":1790165952731,"updated":1790170085040,"tz":null,"url":"https://earthquake.usgs.gov/earthquakes/eventpage/us6000tx30","detail":"https://earthquake.usgs.gov/earthquakes/feed/v1.0/detail/us6000tx30.geojson","felt":null,"cdi":null,"mmi":null,"alert":null,"status":"reviewed","tsunami":0,"sig":148,"net":"us","code":"6000tx30","ids":",us6000tx30,","sources":",us,","types":",origin,phase-data,","nst":44,"dmin":2.361,"rms":0.43,"gap":199,"magType":"ml","type":"earthquake","title":"M 3.1 - 236 km SE of Chiniak, Alaska"},"geometry":{"type":"Point","coordinates":[-149.1422,56.3563,10]},"id":"us6000tx30"},
{"type":"Feature","properties":{"mag":3.2,"place":"27 km ESE of Skwentna, Alaska","time":1790160980795,"updated":1790240901040,"tz":null,"url":"https://earthquake.usgs.gov/earthquakes/eventpage/aka2026swhrry","detail":"https://earthquake.usgs.gov/earthquakes/feed/v1.0/detail/aka2026swhrry.geojson","felt":2,"cdi":1,"mmi":2.313,"alert":null,"status":"automatic","tsunami":0,"sig":158,"net":"ak","code":"a2026swhrry","ids":",aka2026swhrry,us6000tx2r,","sources":",ak,us,","types":",dyfi,origin,phase-data,shakemap,","nst":165,"dmin":0.3,"rms":1.1,"gap":25,"magType":"ml","type":"earthquake","title":"M 3.2 - 27 km ESE of Skwentna, Alaska"},"geometry":{"type":"Point","coordinates":[-150.919,61.899,68.6]},"id":"aka2026swhrry"},
{"type":"Feature","properties":{"mag":2.63,"place":"9 km WNW of Anza, CA","time":1790160728290,"updated":1790225238699,"tz":null,"url":"https://earthquake.usgs.gov/earthquakes/eventpage/ci41337559","detail":"https://earthquake.usgs.gov/earthquakes/feed/v1.0/detail/ci41337559.geojson","felt":6,"cdi":2.7,"mmi":null,"alert":null,"status":"reviewed","tsunami":0,"sig":108,"net":"ci","code":"41337559","ids":",ci41337559,","sources":",ci,","types":",dyfi,focal-mechanism,nearby-cities,origin,phase-data,scitech-link,","nst":128,"dmin":0.02028,"rms":0.19,"gap":11,"magType":"ml","type":"earthquake","title":"M 2.6 - 9 km WNW of Anza, CA"},"geometry":{"type":"Point","coordinates":[-116.770166666667,33.574,12.56]},"id":"ci41337559"},
{"type":"Feature","properties":{"mag":3.2,"place":"21 km SW of Susitna, Alaska","time":1790160605702,"updated":1790247309585,"tz":null,"url":"https://earthquake.usgs.gov/earthquakes/eventpage/aka2026swhmgk","detail":"https://earthquake.usgs.gov/earthquakes/feed/v1.0/detail/aka2026swhmgk.geojson","felt":2,"cdi":2,"mmi":2.544,"alert":null,"status":"automatic","tsunami":0,"sig":158,"net":"ak","code":"a2026swhmgk","ids":",aka2026swhmgk,us6000tx2p,","sources":",ak,us,","types":",dyfi,origin,phase-data,shakemap,","nst":174,"dmin":0.4,"rms":1.1,"gap":29,"magType":"ml","type":"earthquake","title":"M 3.2 - 21 km SW of Susitna, Alaska"},"geometry":{"type":"Point","coordinates":[-150.742,61.384,60.9]},"id":"aka2026swhmgk"},
{"type":"Feature","properties":{"mag":4.4,"place":"Socotra region","time":1790159585103,"updated":1790167744040,"tz":null,"url":"https://earthquake.usgs.gov/earthquakes/eventpage/us6000tx2s","detail":"https://earthquake.usgs.gov/earthquakes/feed/v1.0/detail/us6000tx2s.geojson","felt":null,"cdi":null,"mmi":null,"alert":null,"status":"reviewed","tsunami":0,"sig":298,"net":"us","code":"6000tx2s","ids":",us6000tx2s,","sources":",us,","types":",origin,phase-data,","nst":22,"dmin":11.043,"rms":0.49,"gap":117,"magType":"mb","type":"earthquake","title":"M 4.4 - Socotra region"},"geometry":{"type":"Point","coordinates":[56.8032,13.8587,10]},"id":"us6000tx2s"},
{"type":"Feature","properties":{"mag":2.6,"place":"53 km W of Cohoe, Alaska","time":1790158671394,"updated":1790239046040,"tz":null,"url":"https://earthquake.usgs.gov/earthquakes/eventpage/aka2026swgkjb","detail":"https://earthquake.usgs.gov/earthquakes/feed/v1.0/detail/aka2026swgkjb.geojson","felt":1,"cdi":1,"mmi":null,"alert":null,"status":"automatic","tsunami":0,"sig":104,"net":"ak","code":"a2026swgkjb","ids":",aka2026swgkjb,us6000tx2k,","sources":",ak,us,","types":",dyfi,origin,phase-data,","nst":115,"dmin":0.1,"rms":0.6,"gap":33,"magType":"ml","type":"earthquake","title":"M 2.6 - 53 km W of Cohoe, Alaska"},"geometry":{"type":"Point","coordinates":[-152.265,60.463,109.1]},"id":"aka2026swgkjb"},
{"type":"Feature","properties":{"mag":2.8,"place":"50 km W of Anchor Point, Alaska","time":1790158336828,"updated":1790238832040,"tz":null,"url":"https://earthquake.usgs.gov/earthquakes/eventpage/aka2026swgfml","detail":"https://earthquake.usgs.gov/earthquakes/feed/v1.0/detail/aka2026swgfml.geojson","felt":null,"cdi":null,"mmi":null,"alert":null,"status":"automatic","tsunami":0,"sig":121,"net":"ak","code":"a2026swgfml","ids":",us6000tx2j,aka2026swgfml,","sources":",us,ak,","types":",origin,phase-data,","nst":144,"dmin":0.2,"rms":1,"gap":59,"magType":"ml","type":"earthquake","title":"M 2.8 - 50 km W of Anchor Point, Alaska"},"geometry":{"type":"Point","coordinates":[-152.709,59.859,93.7]},"id":"aka2026swgfml"},
{"type":"Feature","properties":{"mag":5.3,"place":"51 km WSW of Arauco, Argentina","time":1790155274600,"updated":1790178858908,"tz":null,"url":"https://earthquake.usgs.gov/earthquakes/eventpage/us6000tx29","detail":"https://earthquake.usgs.gov/earthquakes/feed/v1.0/detail/us6000tx29.geojson","felt":4,"cdi":4.3,"mmi":null,"alert":null,"status":"reviewed","tsunami":0,"sig":434,"net":"us","code":"6000tx29","ids":",us6000tx29,","sources":",us,","types":",dyfi,moment-tensor,origin,phase-data,","nst":99,"dmin":3.003,"rms":0.95,"gap":29,"magType":"mww","type":"earthquake","title":"M 5.3 - 51 km WSW of Arauco, Argentina"},"geometry":{"type":"Point","coordinates":[-67.2912,-28.7298,121.534]},"id":"us6000tx29"},
{"type":"Feature","properties":{"mag":4.2,"place":"17 km SW of Roncesvalles, Colombia","time":1790154253285,"updated":1790238401040,"tz":null,"url":"https://earthquake.usgs.gov/earthquakes/eventpage/us6000tx28","detail":"https://earthquake.usgs.gov/earthquakes/feed/v1.0/detail/us6000tx28.geojson","felt":null,"cdi":null,"mmi":null,"alert":null,"status":"reviewed","tsunami":0,"sig":271,"net":"us","code":"6000tx28","ids":",us6000tx28,","sources":",us,","types":",origin,phase-data,","nst":59,"dmin":1.683,"rms":0.45,"gap":90,"magType":"mb","type":"earthquake","title":"M 4.2 - 17 km SW of Roncesvalles, Colombia"},"geometry":{"type":"Point","coordinates":[-75.7321,3.9146,10]},"id":"us6000tx28"},
{"type":"Feature","properties":{"mag":4.9,"place":"Scotia Sea","time":1790152918018,"updated":1790156000806,"tz":null,"url":"https://earthquake.usgs.gov/earthquakes/eventpage/us6000tx23","detail":"https://earthquake.usgs.gov/earthquakes/feed/v1.0/detail/us6000tx23.geojson","felt":0,"cdi":1,"mmi":null,"alert":null,"status":"reviewed","tsunami":0,"sig":369,"net":"us","code":"6000tx23","ids":",us6000tx23,","sources":",us,","types":",dyfi,origin,phase-data,","nst":49,"dmin":8.489,"rms":1.23,"gap":56,"magType":"mb","type":"earthquake","title":"M 4.9 - Scotia Sea"},"geometry":{"type":"Point","coordinates":[-47.6004,-60.2661,10]},"id":"us6000tx23"},
{"type":"Feature","properties":{"mag":2.8,"place":"13 km WNW of Whites City, New Mexico","time":1790152378574,"updated":1790156757040,"tz":null,"url":"https://earthquake.usgs.gov/earthquakes/eventpage/us6000tx1x","detail":"https://earthquake.usgs.gov/earthquakes/feed/v1.0/detail/us6000tx1x.geojson","felt":null,"cdi":null,"mmi":null,"alert":null,"status":"reviewed","tsunami":0,"sig":121,"net":"us","code":"6000tx1x","ids":",us6000tx1x,","sources":",us,","types":",origin,phase-data,","nst":37,"dmin":0.498,"rms":0.45,"gap":70,"magType":"ml","type":"earthquake","title":"M 2.8 - 13 km WNW of Whites City, New Mexico"},"geometry":{"type":"Point","coordinates":[-104.5044,32.2341,8.033]},"id":"us6000tx1x"},
{"type":"Feature","properties":{"mag":4.9,"place":"southern East Pacific Rise","time":1790148984790,"updated":1790232347040,"tz":null,"url":"https://earthquake.usgs.gov/earthquakes/eventpage/us6000tx1w","detail":"https://earthquake.usgs.gov/earthquakes/feed/v1.0/detail/us6000tx1w.geojson","felt":null,"cdi":null,"mmi":null,"alert":null,"status":"reviewed","tsunami":0,"sig":369,"net":"us","code":"6000tx1w","ids":",us6000tx1w,","sources":",us,","types":",origin,phase-data,","nst":28,"dmin":29.179,"rms":0.48,"gap":156,"magType":"mb","type":"earthquake","title":"M 4.9 - southern East Pacific Rise"},"geometry":{"type":"Point","coordinates":[-107.0125,-35.0606,10]},"id":"us6000tx1w"},
{"type":"Feature","properties":{"mag":2.7,"place":"Rat Islands, Aleutian Islands, Alaska","time":1790148524346,"updated":1790190859168,"tz":null,"url":"https://earthquake.usgs.gov/earthquakes/eventpage/aka2026swatrm","detail":"https://earthquake.usgs.gov/earthquakes/feed/v1.0/detail/aka2026swatrm.geojson","felt":null,"cdi":null,"mmi":null,"alert":null,"status":"reviewed","tsunami":0,"sig":112,"net":"ak","code":"a2026swatrm","ids":",aka2026swatrm,","sources":",ak,","types":",origin,phase-data,","nst":12,"dmin":0.4,"rms":0.9,"gap":280,"magType":"ml","type":"earthquake","title":"M 2.7 - Rat Islands, Aleutian Islands, Alaska"},"geometry":{"type":"Point","coordinates":[178.75,51.237,35.2]},"id":"aka2026swatrm"},
{"type":"Feature","properties":{"mag":2.6,"place":"72 km ENE of Ouzinkie, Alaska","time":1790145102731,"updated":1790145358756,"tz":null,"url":"https://earthquake.usgs.gov/earthquakes/eventpage/aka2026svywgt","detail":"https://earthquake.usgs.gov/earthquakes/feed/v1.0/detail/aka2026svywgt.geojson","felt":null,"cdi":null,"mmi":null,"alert":null,"status":"automatic","tsunami":0,"sig":104,"net":"ak","code":"a2026svywgt","ids":",aka2026svywgt,","sources":",ak,","types":",origin,phase-data,","nst":76,"dmin":0.6,"rms":0.7,"gap":153,"magType":"ml","type":"earthquake","title":"M 2.6 - 72 km ENE of Ouzinkie, Alaska"},"geometry":{"type":"Point","coordinates":[-151.427,58.233,15.7]},"id":"aka2026svywgt"},
{"type":"Feature","properties":{"mag":2.51,"place":"5 km SW of Guánica, Puerto Rico","time":1790144136520,"updated":1790146587980,"tz":null,"url":"https://earthquake.usgs.gov/earthquakes/eventpage/pr71534208","detail":"https://earthquake.usgs.gov/earthquakes/feed/v1.0/detail/pr71534208.geojson","felt":null,"cdi":null,"mmi":null,"alert":null,"status":"reviewed","tsunami":0,"sig":97,"net":"pr","code":"71534208","ids":",pr71534208,","sources":",pr,","types":",origin,phase-data,","nst":11,"dmin":0.07565,"rms":0.13,"gap":190,"magType":"md","type":"earthquake","title":"M 2.5 - 5 km SW of Guánica, Puerto Rico"},"geometry":{"type":"Point","coordinates":[-66.9513333333333,17.943,6.99]},"id":"pr71534208"},
{"type":"Feature","properties":{"mag":4.7,"place":"30 km SE of Khorugh, Tajikistan","time":1790142371056,"updated":1790143382040,"tz":null,"url":"https://earthquake.usgs.gov/earthquakes/eventpage/us6000tx16","detail":"https://earthquake.usgs.gov/earthquakes/feed/v1.0/detail/us6000tx16.geojson","felt":null,"cdi":null,"mmi":null,"alert":null,"status":"reviewed","tsunami":0,"sig":340,"net":"us","code":"6000tx16","ids":",us6000tx16,","sources":",us,","types":",origin,phase-data,","nst":68,"dmin":2.197,"rms":1.31,"gap":57,"magType":"mb","type":"earthquake","title":"M 4.7 - 30 km SE of Khorugh, Tajikistan"},"geometry":{"type":"Point","coordinates":[71.768,37.2772,141.19]},"id":"us6000tx16"},
{"type":"Feature","properties":{"mag":2.77,"place":"1 km WNW of Sun Valley, Nevada","time":1790141617383,"updated":1790233948040,"tz":null,"url":"https://earthquake.usgs.gov/earthquakes/eventpage/nn00924762","detail":"https://earthquake.usgs.gov/earthquakes/feed/v1.0/detail/nn00924762.geojson","felt":242,"cdi":3.7,"mmi":null,"alert":null,"status":"reviewed","tsunami":0,"sig":208,"net":"nn","code":"00924762","ids":",nn00924762,us6000tx13,","sources":",nn,us,","types":",dyfi,origin,phase-data,","nst":35,"dmin":0.024,"rms":0.1387,"gap":56,"magType":"ml","type":"earthquake","title":"M 2.8 - 1 km WNW of Sun Valley, Nevada"},"geometry":{"type":"Point","coordinates":[-119.7884,39.6017,5.092]},"id":"nn00924762"},
{"type":"Feature","properties":{"mag":3,"place":"34 km WSW of Ackerly, Texas","time":1790140122441,"updated":1790140830040,"tz":null,"url":"https://earthquake.usgs.gov/earthquakes/eventpage/tx2026ssvrgl","detail":"https://earthquake.usgs.gov/earthquakes/feed/v1.0/detail/tx2026ssvrgl.geojson","felt":null,"cdi":null,"mmi":null,"alert":null,"status":"reviewed","tsunami":0,"sig":138,"net":"tx","code":"2026ssvrgl","ids":",us6000tx0y,tx2026ssvrgl,","sources":",us,tx,","types":",origin,phase-data,","nst":45,"dmin":0,"rms":0.1,"gap":60,"magType":"ml","type":"earthquake","title":"M 3.0 - 34 km WSW of Ackerly, Texas"},"geometry":{"type":"Point","coordinates":[-102.046,32.401,7.1533]},"id":"tx2026ssvrgl"},
{"type":"Feature","properties":{"mag":4.3,"place":"19 km SSW of Roncesvalles, Colombia","time":1790138800685,"updated":1790139775040,"tz":null,"url":"https://earthquake.usgs.gov/earthquakes/eventpage/us6000tx0t","detail":"https://earthquake.usgs.gov/earthquakes/feed/v1.0/detail/us6000tx0t.geojson","felt":null,"cdi":null,"mmi":null,"alert":null,"status":"reviewed","tsunami":0,"sig":284,"net":"us","code":"6000tx0t","ids":",us6000tx0t,","sources":",us,","types":",origin,phase-data,","nst":34,"dmin":1.671,"rms":1,"gap":79,"magType":"mb","type":"earthquake","title":"M 4.3 - 19 km SSW of Roncesvalles, Colombia"},"geometry":{"type":"Point","coordinates":[-75.6673,3.8429,10]},"id":"us6000tx0t"},
{"type":"Feature","properties":{"mag":4.4,"place":"21 km NNW of Rioblanco, Colombia","time":1790138196514,"updated":1790138870040,"tz":null,"url":"https://earthquake.usgs.gov/earthquakes/eventpage/us6000tx0s","detail":"https://earthquake.usgs.gov/earthquakes/feed/v1.0/detail/us6000tx0s.geojson","felt":null,"cdi":null,"mmi":null,"alert":null,"status":"reviewed","tsunami":0,"sig":298,"net":"us","code":"6000tx0s","ids":",us6000tx0s,","sources":",us,","types":",origin,phase-data,","nst":29,"dmin":1.812,"rms":0.57,"gap":76,"magType":"mb","type":"earthquake","title":"M 4.4 - 21 km NNW of Rioblanco, Colombia"},"geometry":{"type":"Point","coordinates":[-75.7375,3.7019,9.967]},"id":"us6000tx0s"},
{"type":"Feature","properties":{"mag":2.51,"place":"17 km WSW of Johannesburg, CA","time":1790135997750,"updated":1790174521180,"tz":null,"url":"https://earthquake.usgs.gov/earthquakes/eventpage/ci41337407","detail":"https://earthquake.usgs.gov/earthquakes/feed/v1.0/detail/ci41337407.geojson","felt":null,"cdi":null,"mmi":null,"alert":null,"status":"reviewed","tsunami":0,"sig":97,"net":"ci","code":"41337407","ids":",ci41337407,us6000tx0p,","sources":",ci,us,","types":",nearby-cities,origin,phase-data,scitech-link,","nst":50,"dmin":0.05247,"rms":0.14,"gap":32,"magType":"ml","type":"earthquake","title":"M 2.5 - 17 km WSW of Johannesburg, CA"},"geometry":{"type":"Point","coordinates":[-117.802666666667,35.3063333333333,6.57]},"id":"ci41337407"},
{"type":"Feature","properties":{"mag":2.5,"place":"75 km SSE of Perryville, Alaska","time":1790135620838,"updated":1790135688932,"tz":null,"url":"https://earthquake.usgs.gov/earthquakes/eventpage/aka2026svtpfm","detail":"https://earthquake.usgs.gov/earthquakes/feed/v1.0/detail/aka2026svtpfm.geojson","felt":null,"cdi":null,"mmi":null,"alert":null,"status":"automatic","tsunami":0,"sig":96,"net":"ak","code":"a2026svtpfm","ids":",aka2026svtpfm,","sources":",ak,","types":",origin,phase-data,","nst":8,"dmin":0.8,"rms":0.1,"gap":326,"magType":"ml","type":"earthquake","title":"M 2.5 - 75 km SSE of Perryville, Alaska"},"geometry":{"type":"Point","coordinates":[-158.713,55.282,15]},"id":"aka2026svtpfm"},
{"type":"Feature","properties":{"mag":4.2,"place":"33 km NNW of La Serena, Chile","time":1790132828275,"updated":1790172219046,"tz":null,"url":"https://earthquake.usgs.gov/earthquakes/eventpage/us6000tx0f","detail":"https://earthquake.usgs.gov/earthquakes/feed/v1.0/detail/us6000tx0f.geojson","felt":1,"cdi":2.7,"mmi":null,"alert":null,"status":"reviewed","tsunami":0,"sig":272,"net":"us","code":"6000tx0f","ids":",us6000tx0f,","sources":",us,","types":",dyfi,origin,phase-data,","nst":23,"dmin":0.321,"rms":0.75,"gap":153,"magType":"mb","type":"earthquake","title":"M 4.2 - 33 km NNW of La Serena, Chile"},"geometry":{"type":"Point","coordinates":[-71.3758,-29.6195,62.41]},"id":"us6000tx0f"},
{"type":"Feature","properties":{"mag":2.8,"place":"35 km SSW of Los Ybanez, Texas","time":1790129819235,"updated":1790130957541,"tz":null,"url":"https://earthquake.usgs.gov/earthquakes/eventpage/tx2026sspzfy","detail":"https://earthquake.usgs.gov/earthquakes/feed/v1.0/detail/tx2026sspzfy.geojson","felt":null,"cdi":null,"mmi":null,"alert":null,"status":"reviewed","tsunami":0,"sig":121,"net":"tx","code":"2026sspzfy","ids":",us6000tx0a,tx2026sspzfy,","sources":",us,tx,","types":",origin,phase-data,","nst":55,"dmin":0,"rms":0.1,"gap":53,"magType":"ml","type":"earthquake","title":"M 2.8 - 35 km SSW of Los Ybanez, Texas"},"geometry":{"type":"Point","coordinates":[-102.098,32.436,6.958]},"id":"tx2026sspzfy"},
{"type":"Feature","properties":{"mag":4.5,"place":"63 km NE of Ruteng, Indonesia","time":1790128963755,"updated":1790130196040,"tz":null,"url":"https://earthquake.usgs.gov/earthquakes/eventpage/us6000tx08","detail":"https://earthquake.usgs.gov/earthquakes/feed/v1.0/detail/us6000tx08.geojson","felt":null,"cdi":null,"mmi":null,"alert":null,"status":"reviewed","tsunami":0,"sig":312,"net":"us","code":"6000tx08","ids":",us6000tx08,","sources":",us,","types":",origin,phase-data,","nst":17,"dmin":3.283,"rms":1,"gap":129,"magType":"mb","type":"earthquake","title":"M 4.5 - 63 km NE of Ruteng, Indonesia"},"geometry":{"type":"Point","coordinates":[120.808,-8.1454,10]},"id":"us6000tx08"},
{"type":"Feature","properties":{"mag":4.4,"place":"Kuril Islands","time":1790127856540,"updated":1790129460040,"tz":null,"url":"https://earthquake.usgs.gov/earthquakes/eventpage/us6000tx07","detail":"https://earthquake.usgs.gov/earthquakes/feed/v1.0/detail/us6000tx07.geojson","felt":null,"cdi":null,"mmi":null,"alert":null,"status":"reviewed","tsunami":0,"sig":298,"net":"us","code":"6000tx07","ids":",us6000tx07,","sources":",us,","types":",origin,phase-data,","nst":30,"dmin":6.977,"rms":0.59,"gap":136,"magType":"mb","type":"earthquake","title":"M 4.4 - Kuril Islands"},"geometry":{"type":"Point","coordinates":[152.9319,46.8489,46.244]},"id":"us6000tx07"},
{"type":"Feature","properties":{"mag":4.4,"place":"28 km SSE of Borūjen, Iran","time":1790124253180,"updated":1790133972040,"tz":null,"url":"https://earthquake.usgs.gov/earthquakes/eventpage/us6000tx02","detail":"https://earthquake.usgs.gov/earthquakes/feed/v1.0/detail/us6000tx02.geojson","felt":null,"cdi":null,"mmi":null,"alert":null,"status":"reviewed","tsunami":0,"sig":298,"net":"us","code":"6000tx02","ids":",us6000tx02,","sources":",us,","types":",origin,phase-data,","nst":19,"dmin":5.844,"rms":0.56,"gap":168,"magType":"mb","type":"earthquake","title":"M 4.4 - 28 km SSE of Borūjen, Iran"},"geometry":{"type":"Point","coordinates":[51.4298,31.7345,10]},"id":"us6000tx02"},
{"type":"Feature","properties":{"mag":4.5,"place":"68 km SSW of Labuan, Indonesia","time":1790116058897,"updated":1790132436040,"tz":null,"url":"https://earthquake.usgs.gov/earthquakes/eventpage/us6000twzp","detail":"https://earthquake.usgs.gov/earthquakes/feed/v1.0/detail/us6000twzp.geojson","felt":null,"cdi":null,"mmi":null,"alert":null,"status":"reviewed","tsunami":0,"sig":312,"net":"us","code":"6000twzp","ids":",us6000twzp,","sources":",us,","types":",origin,phase-data,","nst":34,"dmin":3.51,"rms":0.79,"gap":103,"magType":"mb","type":"earthquake","title":"M 4.5 - 68 km SSW of Labuan, Indonesia"},"geometry":{"type":"Point","coordinates":[105.5232,-6.9217,35]},"id":"us6000twzp"},
{"type":"Feature","properties":{"mag":4.4,"place":"20 km WSW of Roncesvalles, Colombia","time":1790115146733,"updated":1790129914040,"tz":null,"url":"https://earthquake.usgs.gov/earthquakes/eventpage/us6000twzi","detail":"https://earthquake.usgs.gov/earthquakes/feed/v1.0/detail/us6000twzi.geojson","felt":null,"cdi":null,"mmi":null,"alert":null,"status":"reviewed","tsunami":0,"sig":298,"net":"us","code":"6000twzi","ids":",us6000twzi,","sources":",us,","types":",origin,phase-data,","nst":24,"dmin":1.707,"rms":0.88,"gap":115,"magType":"mb","type":"earthquake","title":"M 4.4 - 20 km WSW of Roncesvalles, Colombia"},"geometry":{"type":"Point","coordinates":[-75.7814,3.948,10]},"id":"us6000twzi"},
{"type":"Feature","properties":{"mag":2.63,"place":"49 km NNE of Cruz Bay, U.S. Virgin Islands","time":1790114486080,"updated":1790115065130,"tz":null,"url":"https://earthquake.usgs.gov/earthquakes/eventpage/pr71534123","detail":"https://earthquake.usgs.gov/earthquakes/feed/v1.0/detail/pr71534123.geojson","felt":null,"cdi":null,"mmi":null,"alert":null,"status":"reviewed","tsunami":0,"sig":106,"net":"pr","code":"71534123","ids":",pr71534123,","sources":",pr,","types":",origin,phase-data,","nst":4,"dmin":0.323,"rms":0.02,"gap":264,"magType":"md","type":"earthquake","title":"M 2.6 - 49 km NNE of Cruz Bay, U.S. Virgin Islands"},"geometry":{"type":"Point","coordinates":[-64.6248333333333,18.7448333333333,15.16]},"id":"pr71534123"},
{"type":"Feature","properties":{"mag":2.6,"place":"48 km SSE of Perryville, Alaska","time":1790113938325,"updated":1790114028408,"tz":null,"url":"https://earthquake.usgs.gov/earthquakes/eventpage/aka2026svhnuz","detail":"https://earthquake.usgs.gov/earthquakes/feed/v1.0/detail/aka2026svhnuz.geojson","felt":null,"cdi":null,"mmi":null,"alert":null,"status":"automatic","tsunami":0,"sig":104,"net":"ak","code":"a2026svhnuz","ids":",aka2026svhnuz,","sources":",ak,","types":",origin,phase-data,","nst":17,"dmin":0.6,"rms":0.4,"gap":243,"magType":"ml","type":"earthquake","title":"M 2.6 - 48 km SSE of Perryville, Alaska"},"geometry":{"type":"Point","coordinates":[-158.9,55.496,5]},"id":"aka2026svhnuz"},
{"type":"Feature","properties":{"mag":3.5,"place":"53 km SE of Sand Point, Alaska","time":1790110254702,"updated":1790124928308,"tz":null,"url":"https://earthquake.usgs.gov/earthquakes/eventpage/us6000twyy","detail":"https://earthquake.usgs.gov/earthquakes/feed/v1.0/detail/us6000twyy.geojson","felt":null,"cdi":null,"mmi":3.113,"alert":null,"status":"reviewed","tsunami":0,"sig":188,"net":"us","code":"6000twyy","ids":",aka2026svfmrw,us6000twyy,","sources":",ak,us,","types":",origin,phase-data,shakemap,","nst":17,"dmin":1.229,"rms":0.59,"gap":207,"magType":"ml","type":"earthquake","title":"M 3.5 - 53 km SE of Sand Point, Alaska"},"geometry":{"type":"Point","coordinates":[-160.0285,54.9345,35]},"id":"us6000twyy"},
{"type":"Feature","properties":{"mag":4.6,"place":"46 km E of Union, Philippines","time":1790109283296,"updated":1790138035287,"tz":null,"url":"https://earthquake.usgs.gov/earthquakes/eventpage/us6000twys","detail":"https://earthquake.usgs.gov/earthquakes/feed/v1.0/detail/us6000twys.geojson","felt":1,"cdi":3.3,"mmi":null,"alert":null,"status":"reviewed","tsunami":0,"sig":326,"net":"us","code":"6000twys","ids":",us6000twys,","sources":",us,","types":",dyfi,origin,phase-data,","nst":29,"dmin":2.767,"rms":0.63,"gap":125,"magType":"mb","type":"earthquake","title":"M 4.6 - 46 km E of Union, Philippines"},"geometry":{"type":"Point","coordinates":[126.5291,9.6886,10]},"id":"us6000twys"},
{"type":"Feature","properties":{"mag":4.8,"place":"26 km NW of Houma, Tonga","time":1790107910722,"updated":1790109985040,"tz":null,"url":"https://earthquake.usgs.gov/earthquakes/eventpage/us6000twyf","detail":"https://earthquake.usgs.gov/earthquakes/feed/v1.0/detail/us6000twyf.geojson","felt":null,"cdi":null,"mmi":null,"alert":null,"status":"reviewed","tsunami":0,"sig":354,"net":"us","code":"6000twyf","ids":",us6000twyf,","sources":",us,","types":",origin,phase-data,","nst":22,"dmin":5.538,"rms":1,"gap":143,"magType":"mb","type":"earthquake","title":"M 4.8 - 26 km NW of Houma, Tonga"},"geometry":{"type":"Point","coordinates":[-175.461,-20.9839,121.928]},"id":"us6000twyf"},
{"type":"Feature","properties":{"mag":2.7,"place":"76 km S of Perryville, Alaska","time":1790106677869,"updated":1790106858532,"tz":null,"url":"https://earthquake.usgs.gov/earthquakes/eventpage/aka2026svdmzd","detail":"https://earthquake.usgs.gov/earthquakes/feed/v1.0/detail/aka2026svdmzd.geojson","felt":null,"cdi":null,"mmi":null,"alert":null,"status":"automatic","tsunami":0,"sig":112,"net":"ak","code":"a2026svdmzd","ids":",aka2026svdmzd,","sources":",ak,","types":",origin,phase-data,","nst":20,"dmin":0.8,"rms":0.7,"gap":249,"magType":"ml","type":"earthquake","title":"M 2.7 - 76 km S of Perryville, Alaska"},"geometry":{"type":"Point","coordinates":[-159.175,55.223,5]},"id":"aka2026svdmzd"},
{"type":"Feature","properties":{"mag":3.34,"place":"133 km NNE of Vieques, Puerto Rico","time":1790104719210,"updated":1790109223040,"tz":null,"url":"https://earthquake.usgs.gov/earthquakes/eventpage/pr71534068","detail":"https://earthquake.usgs.gov/earthquakes/feed/v1.0/detail/pr71534068.geojson","felt":null,"cdi":null,"mmi":null,"alert":null,"status":"reviewed","tsunami":0,"sig":172,"net":"pr","code":"71534068","ids":",us6000twy5,pr71534068,","sources":",us,pr,","types":",origin,phase-data,","nst":17,"dmin":1.249,"rms":0.48,"gap":237,"magType":"md","type":"earthquake","title":"M 3.3 - 133 km NNE of Vieques, Puerto Rico"},"geometry":{"type":"Point","coordinates":[-65.4088333333333,19.5575,12.38]},"id":"pr71534068"},
{"type":"Feature","properties":{"mag":2.52,"place":"40 km W of Petrolia, CA","time":1790103608330,"updated":1790113044599,"tz":null,"url":"https://earthquake.usgs.gov/earthquakes/eventpage/nc75440082","detail":"https://earthquake.usgs.gov/earthquakes/feed/v1.0/detail/nc75440082.geojson","felt":null,"cdi":null,"mmi":null,"alert":null,"status":"automatic","tsunami":0,"sig":98,"net":"nc","code":"75440082","ids":",nc75440082,","sources":",nc,","types":",nearby-cities,origin,phase-data,scitech-link,","nst":12,"dmin":0.4721,"rms":0.27,"gap":286,"magType":"md","type":"earthquake","title":"M 2.5 - 40 km W of Petrolia, CA"},"geometry":{"type":"Point","coordinates":[-124.752166748047,40.3553352355957,2]},"id":"nc75440082"},
{"type":"Feature","properties":{"mag":4.4,"place":"south of the Fiji Islands","time":1790102911934,"updated":1790107495040,"tz":null,"url":"https://earthquake.usgs.gov/earthquakes/eventpage/us6000twxv","detail":"https://earthquake.usgs.gov/earthquakes/feed/v1.0/detail/us6000twxv.geojson","felt":null,"cdi":null,"mmi":null,"alert":null,"status":"reviewed","tsunami":0,"sig":298,"net":"us","code":"6000twxv","ids":",us6000twxv,","sources":",us,","types":",origin,phase-data,","nst":27,"dmin":4.217,"rms":0.68,"gap":259,"magType":"mb","type":"earthquake","title":"M 4.4 - south of the Fiji Islands"},"geometry":{"type":"Point","coordinates":[-178.0114,-25.0118,427.498]},"id":"us6000twxv"},
{"type":"Feature","properties":{"mag":2.6,"place":"56 km S of Whites City, New Mexico","time":1790095840191,"updated":1790148769833,"tz":null,"url":"https://earthquake.usgs.gov/earthquakes/eventpage/tx2026srxfgq","detail":"https://earthquake.usgs.gov/earthquakes/feed/v1.0/detail/tx2026srxfgq.geojson","felt":null,"cdi":null,"mmi":null,"alert":null,"status":"reviewed","tsunami":0,"sig":104,"net":"tx","code":"2026srxfgq","ids":",us6000twx2,tx2026srxfgq,","sources":",us,tx,","types":",origin,phase-data,","nst":39,"dmin":0,"rms":0.2,"gap":70,"magType":"ml","type":"earthquake","title":"M 2.6 - 56 km S of Whites City, New Mexico"},"geometry":{"type":"Point","coordinates":[-104.402,31.668,6.0999]},"id":"tx2026srxfgq"},
{"type":"Feature","properties":{"mag":4.5,"place":"51 km W of Kuqa, China","time":1790093349440,"updated":1790101220040,"tz":null,"url":"https://earthquake.usgs.gov/earthquakes/eventpage/us6000twwy","detail":"https://earthquake.usgs.gov/earthquakes/feed/v1.0/detail/us6000twwy.geojson","felt":null,"cdi":null,"mmi":null,"alert":null,"status":"reviewed","tsunami":0,"sig":312,"net":"us","code":"6000twwy","ids":",us6000twwy,","sources":",us,","types":",origin,phase-data,","nst":75,"dmin":2.59,"rms":0.81,"gap":79,"magType":"mb","type":"earthquake","title":"M 4.5 - 51 km W of Kuqa, China"},"geometry":{"type":"Point","coordinates":[82.3165,41.7997,10]},"id":"us6000twwy"},
{"type":"Feature","properties":{"mag":2.5,"place":"33 km WSW of Mentone, Texas","time":1790093241955,"updated":1790093716344,"tz":null,"url":"https://earthquake.usgs.gov/earthquakes/eventpage/tx2026srvtwi","detail":"https://earthquake.usgs.gov/earthquakes/feed/v1.0/detail/tx2026srvtwi.geojson","felt":null,"cdi":null,"mmi":null,"alert":null,"status":"reviewed","tsunami":0,"sig":96,"net":"tx","code":"2026srvtwi","ids":",tx2026srvtwi,","sources":",tx,","types":",origin,phase-data,","nst":37,"dmin":0,"rms":0.1,"gap":45,"magType":"ml","type":"earthquake","title":"M 2.5 - 33 km WSW of Mentone, Texas"},"geometry":{"type":"Point","coordinates":[-103.933,31.605,7.7533]},"id":"tx2026srvtwi"},
{"type":"Feature","properties":{"mag":2.6,"place":"47 km WNW of Petrolia, CA","time":1790090638790,"updated":1790095041525,"tz":null,"url":"https://earthquake.usgs.gov/earthquakes/eventpage/nc75439987","detail":"https://earthquake.usgs.gov/earthquakes/feed/v1.0/detail/nc75439987.geojson","felt":null,"cdi":null,"mmi":null,"alert":null,"status":"automatic","tsunami":0,"sig":104,"net":"nc","code":"75439987","ids":",nc75439987,","sources":",nc,","types":",nearby-cities,origin,phase-data,scitech-link,","nst":35,"dmin":0.3584,"rms":0.15,"gap":256,"magType":"md","type":"earthquake","title":"M 2.6 - 47 km WNW of Petrolia, CA"},"geometry":{"type":"Point","coordinates":[-124.807167053223,40.4681663513184,26.3600006103516]},"id":"nc75439987"},
{"type":"Feature","properties":{"mag":3.5,"place":"41 km NE of Ambler, Alaska","time":1790086846022,"updated":1790286031617,"tz":null,"url":"https://earthquake.usgs.gov/earthquakes/eventpage/aka2026susmgb","detail":"https://earthquake.usgs.gov/earthquakes/feed/v1.0/detail/aka2026susmgb.geojson","felt":null,"cdi":null,"mmi":3.6,"alert":null,"status":"reviewed","tsunami":0,"sig":188,"net":"ak","code":"a2026susmgb","ids":",us7000tj5r,aka2026susmgb,","sources":",us,ak,","types":",moment-tensor,origin,phase-data,shakemap,","nst":76,"dmin":1.3,"rms":1.3,"gap":83,"magType":"ml","type":"earthquake","title":"M 3.5 - 41 km NE of Ambler, Alaska"},"geometry":{"type":"Point","coordinates":[-157.308,67.389,5]},"id":"aka2026susmgb"},
{"type":"Feature","properties":{"mag":4.6,"place":"37 km SE of Severo-Kuril’sk, Russia","time":1790085375091,"updated":1790095116040,"tz":null,"url":"https://earthquake.usgs.gov/earthquakes/eventpage/us7000tj5n","detail":"https://earthquake.usgs.gov/earthquakes/feed/v1.0/detail/us7000tj5n.geojson","felt":null,"cdi":null,"mmi":null,"alert":null,"status":"reviewed","tsunami":0,"sig":326,"net":"us","code":"7000tj5n","ids":",us7000tj5n,","sources":",us,","types":",origin,phase-data,","nst":113,"dmin":2.781,"rms":0.63,"gap":133,"magType":"mb","type":"earthquake","title":"M 4.6 - 37 km SE of Severo-Kuril’sk, Russia"},"geometry":{"type":"Point","coordinates":[156.4937,50.4343,83.948]},"id":"us7000tj5n"},
{"type":"Feature","properties":{"mag":4.4,"place":"115 km ENE of Miyako, Japan","time":1790084899982,"updated":1790093909040,"tz":null,"url":"https://earthquake.usgs.gov/earthquakes/eventpage/us7000tj5m","detail":"https://earthquake.usgs.gov/earthquakes/feed/v1.0/detail/us7000tj5m.geojson","felt":null,"cdi":null,"mmi":null,"alert":null,"status":"reviewed","tsunami":0,"sig":298,"net":"us","code":"7000tj5m","ids":",us7000tj5m,","sources":",us,","types":",origin,phase-data,","nst":48,"dmin":1.882,"rms":0.58,"gap":146,"magType":"mb","type":"earthquake","title":"M 4.4 - 115 km ENE of Miyako, Japan"},"geometry":{"type":"Point","coordinates":[143.248,39.9178,38.179]},"id":"us7000tj5m"},
{"type":"Feature","properties":{"mag":2.8,"place":"160 km ESE of McCarthy, Alaska","time":1790081154361,"updated":1790159695040,"tz":null,"url":"https://earthquake.usgs.gov/earthquakes/eventpage/us7000tj5e","detail":"https://earthquake.usgs.gov/earthquakes/feed/v1.0/detail/us7000tj5e.geojson","felt":null,"cdi":null,"mmi":null,"alert":null,"status":"reviewed","tsunami":0,"sig":121,"net":"us","code":"7000tj5e","ids":",us7000tj5e,","sources":",us,","types":",origin,phase-data,","nst":19,"dmin":0.559,"rms":0.79,"gap":124,"magType":"ml","type":"earthquake","title":"M 2.8 - 160 km ESE of McCarthy, Alaska"},"geometry":{"type":"Point","coordinates":[-140.0156,61.1047,5.158]},"id":"us7000tj5e"},
{"type":"Feature","properties":{"mag":4.7,"place":"7 km WNW of La Gomera, Guatemala","time":1790077425547,"updated":1790132499780,"tz":null,"url":"https://earthquake.usgs.gov/earthquakes/eventpage/us7000tj58","detail":"https://earthquake.usgs.gov/earthquakes/feed/v1.0/detail/us7000tj58.geojson","felt":7,"cdi":2.7,"mmi":null,"alert":null,"status":"reviewed","tsunami":0,"sig":342,"net":"us","code":"7000tj58","ids":",us7000tj58,","sources":",us,","types":",dyfi,origin,phase-data,","nst":95,"dmin":1.314,"rms":0.66,"gap":162,"magType":"mb","type":"earthquake","title":"M 4.7 - 7 km WNW of La Gomera, Guatemala"},"geometry":{"type":"Point","coordinates":[-91.1165,14.113,88.793]},"id":"us7000tj58"},
{"type":"Feature","properties":{"mag":4.4,"place":"121 km E of Miyako, Japan","time":1790077032130,"updated":1790081386040,"tz":null,"url":"https://earthquake.usgs.gov/earthquakes/eventpage/us7000tj57","detail":"https://earthquake.usgs.gov/earthquakes/feed/v1.0/detail/us7000tj57.geojson","felt":null,"cdi":null,"mmi":null,"alert":null,"status":"reviewed","tsunami":0,"sig":298,"net":"us","code":"7000tj57","ids":",us7000tj57,","sources":",us,","types":",origin,phase-data,","nst":32,"dmin":2.083,"rms":0.65,"gap":138,"magType":"mb","type":"earthquake","title":"M 4.4 - 121 km E of Miyako, Japan"},"geometry":{"type":"Point","coordinates":[143.3539,39.6629,25.669]},"id":"us7000tj57"},
{"type":"Feature","properties":{"mag":4.4,"place":"38 km S of Jurm, Afghanistan","time":1790076581886,"updated":1790077842040,"tz":null,"url":"https://earthquake.usgs.gov/earthquakes/eventpage/us7000tj55","detail":"https://earthquake.usgs.gov/earthquakes/feed/v1.0/detail/us7000tj55.geojson","felt":null,"cdi":null,"mmi":null,"alert":null,"status":"reviewed","tsunami":0,"sig":298,"net":"us","code":"7000tj55","ids":",us7000tj55,","sources":",us,","types":",origin,phase-data,","nst":83,"dmin":2.19,"rms":0.77,"gap":72,"magType":"mb","type":"earthquake","title":"M 4.4 - 38 km S of Jurm, Afghanistan"},"geometry":{"type":"Point","coordinates":[70.898,36.5213,192.749]},"id":"us7000tj55"},
{"type":"Feature","properties":{"mag":5.1,"place":"88 km NNW of Uken, Japan","time":1790073982312,"updated":1790075179040,"tz":null,"url":"https://earthquake.usgs.gov/earthquakes/eventpage/us7000tj4y","detail":"https://earthquake.usgs.gov/earthquakes/feed/v1.0/detail/us7000tj4y.geojson","felt":null,"cdi":null,"mmi":null,"alert":null,"status":"reviewed","tsunami":0,"sig":400,"net":"us","code":"7000tj4y","ids":",us7000tj4y,","sources":",us,","types":",origin,phase-data,","nst":67,"dmin":2.809,"rms":0.86,"gap":99,"magType":"mww","type":"earthquake","title":"M 5.1 - 88 km NNW of Uken, Japan"},"geometry":{"type":"Point","coordinates":[128.8944,29.0367,10]},"id":"us7000tj4y"},
{"type":"Feature","properties":{"mag":4.1,"place":"25 km SSW of Roncesvalles, Colombia","time":1790073522183,"updated":1790159124040,"tz":null,"url":"https://earthquake.usgs.gov/earthquakes/eventpage/us7000tj4x","detail":"https://earthquake.usgs.gov/earthquakes/feed/v1.0/detail/us7000tj4x.geojson","felt":null,"cdi":null,"mmi":null,"alert":null,"status":"reviewed","tsunami":0,"sig":259,"net":"us","code":"7000tj4x","ids":",us7000tj4x,","sources":",us,","types":",origin,phase-data,","nst":24,"dmin":1.738,"rms":0.61,"gap":99,"magType":"mb","type":"earthquake","title":"M 4.1 - 25 km SSW of Roncesvalles, Colombia"},"geometry":{"type":"Point","coordinates":[-75.7321,3.8183,10]},"id":"us7000tj4x"},
{"type":"Feature","properties":{"mag":4.6,"place":"296 km S of Ambon, Indonesia","time":1790073019045,"updated":1790074112040,"tz":null,"url":"https://earthquake.usgs.gov/earthquakes/eventpage/us7000tj4v","detail":"https://earthquake.usgs.gov/earthquakes/feed/v1.0/detail/us7000tj4v.geojson","felt":null,"cdi":null,"mmi":null,"alert":null,"status":"reviewed","tsunami":0,"sig":326,"net":"us","code":"7000tj4v","ids":",us7000tj4v,","sources":",us,","types":",origin,phase-data,","nst":43,"dmin":6.916,"rms":0.45,"gap":88,"magType":"mb","type":"earthquake","title":"M 4.6 - 296 km S of Ambon, Indonesia"},"geometry":{"type":"Point","coordinates":[128.6303,-6.3408,295.618]},"id":"us7000tj4v"},
{"type":"Feature","properties":{"mag":4.3,"place":"south of the Fiji Islands","time":1790071231232,"updated":1790082539040,"tz":null,"url":"https://earthquake.usgs.gov/earthquakes/eventpage/us7000tj4r","detail":"https://earthquake.usgs.gov/earthquakes/feed/v1.0/detail/us7000tj4r.geojson","felt":null,"cdi":null,"mmi":null,"alert":null,"status":"reviewed","tsunami":0,"sig":284,"net":"us","code":"7000tj4r","ids":",us7000tj4r,","sources":",us,","types":",origin,phase-data,","nst":38,"dmin":8.935,"rms":0.8,"gap":137,"magType":"mb","type":"earthquake","title":"M 4.3 - south of the Fiji Islands"},"geometry":{"type":"Point","coordinates":[-179.3736,-26.3979,431.374]},"id":"us7000tj4r"},
{"type":"Feature","properties":{"mag":4.4,"place":"12 km SSW of Dykanka, Ukraine","time":1790070582085,"updated":1790208842354,"tz":null,"url":"https://earthquake.usgs.gov/earthquakes/eventpage/us7000tj54","detail":"https://earthquake.usgs.gov/earthquakes/feed/v1.0/detail/us7000tj54.geojson","felt":1,"cdi":4.3,"mmi":null,"alert":null,"status":"reviewed","tsunami":0,"sig":298,"net":"us","code":"7000tj54","ids":",us7000tj54,","sources":",us,","types":",dyfi,origin,phase-data,","nst":31,"dmin":3.508,"rms":0.52,"gap":43,"magType":"mb","type":"earthquake","title":"M 4.4 - 12 km SSW of Dykanka, Ukraine"},"geometry":{"type":"Point","coordinates":[34.4683,49.7217,10]},"id":"us7000tj54"},
{"type":"Feature","properties":{"mag":4.3,"place":"58 km NNE of Calama, Chile","time":1790069710144,"updated":1790073369040,"tz":null,"url":"https://earthquake.usgs.gov/earthquakes/eventpage/us7000tj4l","detail":"https://earthquake.usgs.gov/earthquakes/feed/v1.0/detail/us7000tj4l.geojson","felt":null,"cdi":null,"mmi":null,"alert":null,"status":"reviewed","tsunami":0,"sig":284,"net":"us","code":"7000tj4l","ids":",us7000tj4l,","sources":",us,","types":",origin,phase-data,","nst":35,"dmin":0.572,"rms":0.65,"gap":98,"magType":"mb","type":"earthquake","title":"M 4.3 - 58 km NNE of Calama, Chile"},"geometry":{"type":"Point","coordinates":[-68.6595,-21.9846,110.957]},"id":"us7000tj4l"},
{"type":"Feature","properties":{"mag":3.7,"place":"37 km SW of Karluk, Alaska","time":1790066880581,"updated":1790285059263,"tz":null,"url":"https://earthquake.usgs.gov/earthquakes/eventpage/aka2026suhjvu","detail":"https://earthquake.usgs.gov/earthquakes/feed/v1.0/detail/aka2026suhjvu.geojson","felt":1,"cdi":2,"mmi":2.967,"alert":null,"status":"reviewed","tsunami":0,"sig":211,"net":"ak","code":"a2026suhjvu","ids":",aka2026suhjvu,us7000tj4f,","sources":",ak,us,","types":",dyfi,origin,phase-data,shakemap,","nst":235,"dmin":0.3,"rms":1.1,"gap":150,"magType":"ml","type":"earthquake","title":"M 3.7 - 37 km SW of Karluk, Alaska"},"geometry":{"type":"Point","coordinates":[-154.827,57.295,50.9]},"id":"aka2026suhjvu"},
{"type":"Feature","properties":{"mag":3.1,"place":"57 km SSE of Whites City, New Mexico","time":1790064278331,"updated":1790312707147,"tz":null,"url":"https://earthquake.usgs.gov/earthquakes/eventpage/tx2026srfrih","detail":"https://earthquake.usgs.gov/earthquakes/feed/v1.0/detail/tx2026srfrih.geojson","felt":1,"cdi":1,"mmi":null,"alert":null,"status":"reviewed","tsunami":0,"sig":148,"net":"tx","code":"2026srfrih","ids":",tx2026srfrih,us7000tj47,","sources":",tx,us,","types":",dyfi,origin,phase-data,","nst":40,"dmin":0,"rms":0.2,"gap":65,"magType":"ml","type":"earthquake","title":"M 3.1 - 57 km SSE of Whites City, New Mexico"},"geometry":{"type":"Point","coordinates":[-104.25,31.666,6.0999]},"id":"tx2026srfrih"},
{"type":"Feature","properties":{"mag":2.76,"place":"13 km NNE of Carrizales, Puerto Rico","time":1790062217660,"updated":1790066475440,"tz":null,"url":"https://earthquake.usgs.gov/earthquakes/eventpage/pr71534028","detail":"https://earthquake.usgs.gov/earthquakes/feed/v1.0/detail/pr71534028.geojson","felt":null,"cdi":null,"mmi":null,"alert":null,"status":"reviewed","tsunami":0,"sig":117,"net":"pr","code":"71534028","ids":",pr71534028,","sources":",pr,","types":",origin,phase-data,","nst":19,"dmin":0.1258,"rms":0.15,"gap":211,"magType":"md","type":"earthquake","title":"M 2.8 - 13 km NNE of Carrizales, Puerto Rico"},"geometry":{"type":"Point","coordinates":[-66.7551666666667,18.5955,16.66]},"id":"pr71534028"},
{"type":"Feature","properties":{"mag":4.6,"place":"19 km ENE of Nailong, Philippines","time":1790059689705,"updated":1790063406452,"tz":null,"url":"https://earthquake.usgs.gov/earthquakes/eventpage/us7000tj3v","detail":"https://earthquake.usgs.gov/earthquakes/feed/v1.0/detail/us7000tj3v.geojson","felt":2,"cdi":4.8,"mmi":null,"alert":null,"status":"reviewed","tsunami":0,"sig":326,"net":"us","code":"7000tj3v","ids":",us7000tj3v,","sources":",us,","types":",dyfi,origin,phase-data,","nst":44,"dmin":4.223,"rms":0.64,"gap":99,"magType":"mb","type":"earthquake","title":"M 4.6 - 19 km ENE of Nailong, Philippines"},"geometry":{"type":"Point","coordinates":[124.2096,11.0957,10]},"id":"us7000tj3v"},
{"type":"Feature","properties":{"mag":4.9,"place":"Volcano Islands, Japan region","time":1790057470037,"updated":1790058653040,"tz":null,"url":"https://earthquake.usgs.gov/earthquakes/eventpage/us7000tj3s","detail":"https://earthquake.usgs.gov/earthquakes/feed/v1.0/detail/us7000tj3s.geojson","felt":null,"cdi":null,"mmi":null,"alert":null,"status":"reviewed","tsunami":0,"sig":369,"net":"us","code":"7000tj3s","ids":",us7000tj3s,","sources":",us,","types":",origin,phase-data,","nst":103,"dmin":10.51,"rms":0.61,"gap":94,"magType":"mb","type":"earthquake","title":"M 4.9 - Volcano Islands, Japan region"},"geometry":{"type":"Point","coordinates":[142.3395,23.003,10]},"id":"us7000tj3s"},
{"type":"Feature","properties":{"mag":3.5,"place":"148 km WSW of Adak, Alaska","time":1790056141328,"updated":1790093010835,"tz":null,"url":"https://earthquake.usgs.gov/earthquakes/eventpage/aka2026subkpx","detail":"https://earthquake.usgs.gov/earthquakes/feed/v1.0/detail/aka2026subkpx.geojson","felt":null,"cdi":null,"mmi":null,"alert":null,"status":"reviewed","tsunami":0,"sig":188,"net":"ak","code":"a2026subkpx","ids":",aka2026subkpx,","sources":",ak,","types":",origin,phase-data,","nst":39,"dmin":0.3,"rms":0.5,"gap":207,"magType":"ml","type":"earthquake","title":"M 3.5 - 148 km WSW of Adak, Alaska"},"geometry":{"type":"Point","coordinates":[-178.533,51.256,0.1]},"id":"aka2026subkpx"},
{"type":"Feature","properties":{"mag":4,"place":"282 km S of Alo, Wallis and Futuna","time":1790055093019,"updated":1790062611040,"tz":null,"url":"https://earthquake.usgs.gov/earthquakes/eventpage/us7000tj3l","detail":"https://earthquake.usgs.gov/earthquakes/feed/v1.0/detail/us7000tj3l.geojson","felt":null,"cdi":null,"mmi":null,"alert":null,"status":"reviewed","tsunami":0,"sig":246,"net":"us","code":"7000tj3l","ids":",us7000tj3l,","sources":",us,","types":",origin,phase-data,","nst":41,"dmin":2.865,"rms":0.81,"gap":126,"magType":"mb","type":"earthquake","title":"M 4.0 - 282 km S of Alo, Wallis and Futuna"},"geometry":{"type":"Point","coordinates":[-177.6628,-16.8256,428.123]},"id":"us7000tj3l"},
{"type":"Feature","properties":{"mag":5,"place":"Volcano Islands, Japan region","time":1790054304687,"updated":1790055484040,"tz":null,"url":"https://earthquake.usgs.gov/earthquakes/eventpage/us7000tj3k","detail":"https://earthquake.usgs.gov/earthquakes/feed/v1.0/detail/us7000tj3k.geojson","felt":null,"cdi":null,"mmi":null,"alert":null,"status":"reviewed","tsunami":0,"sig":385,"net":"us","code":"7000tj3k","ids":",us7000tj3k,","sources":",us,","types":",origin,phase-data,","nst":108,"dmin":10.557,"rms":1.02,"gap":119,"magType":"mb","type":"earthquake","title":"M 5.0 - Volcano Islands, Japan region"},"geometry":{"type":"Point","coordinates":[142.4369,23.1331,10]},"id":"us7000tj3k"},
{"type":"Feature","properties":{"mag":2.5,"place":"6 km SE of Texhoma, Texas","time":1790054114407,"updated":1790085463557,"tz":null,"url":"https://earthquake.usgs.gov/earthquakes/eventpage/tx2026sraean","detail":"https://earthquake.usgs.gov/earthquakes/feed/v1.0/detail/tx2026sraean.geojson","felt":null,"cdi":null,"mmi":null,"alert":null,"status":"reviewed","tsunami":0,"sig":96,"net":"tx","code":"2026sraean","ids":",tx2026sraean,","sources":",tx,","types":",origin,phase-data,","nst":11,"dmin":0.4,"rms":0.2,"gap":127,"magType":"ml","type":"earthquake","title":"M 2.5 - 6 km SE of Texhoma, Texas"},"geometry":{"type":"Point","coordinates":[-101.74,36.45,2.2217]},"id":"tx2026sraean"},
{"type":"Feature","properties":{"mag":4.7,"place":"54 km NNW of Ende, Indonesia","time":1790048185949,"updated":1790049883040,"tz":null,"url":"https://earthquake.usgs.gov/earthquakes/eventpage/us7000tj37","detail":"https://earthquake.usgs.gov/earthquakes/feed/v1.0/detail/us7000tj37.geojson","felt":null,"cdi":null,"mmi":null,"alert":null,"status":"reviewed","tsunami":0,"sig":340,"net":"us","code":"7000tj37","ids":",us7000tj37,","sources":",us,","types":",origin,phase-data,","nst":20,"dmin":3.763,"rms":1.15,"gap":126,"magType":"mb","type":"earthquake","title":"M 4.7 - 54 km NNW of Ende, Indonesia"},"geometry":{"type":"Point","coordinates":[121.4677,-8.3909,10]},"id":"us7000tj37"},
{"type":"Feature","properties":{"mag":3.97,"place":"14 km S of La Romana, Dominican Republic","time":1790045362080,"updated":1790165989274,"tz":null,"url":"https://earthquake.usgs.gov/earthquakes/eventpage/pr2026265000","detail":"https://earthquake.usgs.gov/earthquakes/feed/v1.0/detail/pr2026265000.geojson","felt":1,"cdi":2.2,"mmi":null,"alert":null,"status":"reviewed","tsunami":0,"sig":243,"net":"pr","code":"2026265000","ids":",pr2026265000,us7000tj30,","sources":",pr,us,","types":",dyfi,origin,phase-data,","nst":24,"dmin":0.6313,"rms":0.22,"gap":230,"magType":"md","type":"earthquake","title":"M 4.0 - 14 km S of La Romana, Dominican Republic"},"geometry":{"type":"Point","coordinates":[-68.9756,18.3008,174]},"id":"pr2026265000"},
{"type":"Feature","properties":{"mag":3.9,"place":"166 km WSW of Nikolski, Alaska","time":1790037883637,"updated":1790053161040,"tz":null,"url":"https://earthquake.usgs.gov/earthquakes/eventpage/us7000tj31","detail":"https://earthquake.usgs.gov/earthquakes/feed/v1.0/detail/us7000tj31.geojson","felt":null,"cdi":null,"mmi":1.802,"alert":null,"status":"reviewed","tsunami":0,"sig":234,"net":"us","code":"7000tj31","ids":",aka2026strgoh,us7000tj31,","sources":",ak,us,","types":",origin,phase-data,shakemap,","nst":33,"dmin":0.875,"rms":0.85,"gap":209,"magType":"mb","type":"earthquake","title":"M 3.9 - 166 km WSW of Nikolski, Alaska"},"geometry":{"type":"Point","coordinates":[-171.0441,52.2461,129.468]},"id":"us7000tj31"},
{"type":"Feature","properties":{"mag":4.8,"place":"70 km N of Claveria, Philippines","time":1790035684893,"updated":1790052716040,"tz":null,"url":"https://earthquake.usgs.gov/earthquakes/eventpage/us7000tj21","detail":"https://earthquake.usgs.gov/earthquakes/feed/v1.0/detail/us7000tj21.geojson","felt":null,"cdi":null,"mmi":null,"alert":null,"status":"reviewed","tsunami":0,"sig":354,"net":"us","code":"7000tj21","ids":",us7000tj21,","sources":",us,","types":",origin,phase-data,","nst":67,"dmin":3.557,"rms":0.61,"gap":122,"magType":"mb","type":"earthquake","title":"M 4.8 - 70 km N of Claveria, Philippines"},"geometry":{"type":"Point","coordinates":[121.0734,19.2426,10]},"id":"us7000tj21"},
{"type":"Feature","properties":{"mag":4.3,"place":"35 km S of Jurm, Afghanistan","time":1790035634659,"updated":1790052184040,"tz":null,"url":"https://earthquake.usgs.gov/earthquakes/eventpage/us7000tj20","detail":"https://earthquake.usgs.gov/earthquakes/feed/v1.0/detail/us7000tj20.geojson","felt":null,"cdi":null,"mmi":null,"alert":null,"status":"reviewed","tsunami":0,"sig":284,"net":"us","code":"7000tj20","ids":",us7000tj20,","sources":",us,","types":",origin,phase-data,","nst":31,"dmin":2.21,"rms":0.46,"gap":64,"magType":"mb","type":"earthquake","title":"M 4.3 - 35 km S of Jurm, Afghanistan"},"geometry":{"type":"Point","coordinates":[70.8201,36.5413,196.057]},"id":"us7000tj20"},
{"type":"Feature","properties":{"mag":5.3,"place":"96 km S of Sarangani, Philippines","time":1790034493188,"updated":1790397495040,"tz":null,"url":"https://earthquake.usgs.gov/earthquakes/eventpage/us7000tj1s","detail":"https://earthquake.usgs.gov/earthquakes/feed/v1.0/detail/us7000tj1s.geojson","felt":null,"cdi":null,"mmi":null,"alert":null,"status":"reviewed","tsunami":0,"sig":432,"net":"us","code":"7000tj1s","ids":",us7000tj1s,","sources":",us,","types":",origin,phase-data,","nst":81,"dmin":2.527,"rms":0.53,"gap":63,"magType":"mb","type":"earthquake","title":"M 5.3 - 96 km S of Sarangani, Philippines"},"geometry":{"type":"Point","coordinates":[125.3444,4.5364,10]},"id":"us7000tj1s"},
{"type":"Feature","properties":{"mag":2.48,"place":"23 km NE of Hawthorne, Nevada","time":1790033982591,"updated":1790051102040,"tz":null,"url":"https://earthquake.usgs.gov/earthquakes/eventpage/nn00924700","detail":"https://earthquake.usgs.gov/earthquakes/feed/v1.0/detail/nn00924700.geojson","felt":null,"cdi":null,"mmi":null,"alert":null,"status":"reviewed","tsunami":0,"sig":95,"net":"nn","code":"00924700","ids":",us7000tj1l,nn00924700,","sources":",us,nn,","types":",origin,phase-data,","nst":23,"dmin":0.079,"rms":0.183,"gap":67,"magType":"ml","type":"earthquake","title":"M 2.5 - 23 km NE of Hawthorne, Nevada"},"geometry":{"type":"Point","coordinates":[-118.4748,38.6981,8.3941]},"id":"nn00924700"},
{"type":"Feature","properties":{"mag":4.4,"place":"23 km SSW of Roncesvalles, Colombia","time":1790032533754,"updated":1790396113040,"tz":null,"url":"https://earthquake.usgs.gov/earthquakes/eventpage/us7000tj1k","detail":"https://earthquake.usgs.gov/earthquakes/feed/v1.0/detail/us7000tj1k.geojson","felt":null,"cdi":null,"mmi":null,"alert":null,"status":"reviewed","tsunami":0,"sig":298,"net":"us","code":"7000tj1k","ids":",us7000tj1k,","sources":",us,","types":",origin,phase-data,","nst":19,"dmin":1.698,"rms":0.84,"gap":82,"magType":"mb","type":"earthquake","title":"M 4.4 - 23 km SSW of Roncesvalles, Colombia"},"geometry":{"type":"Point","coordinates":[-75.6817,3.8161,13.28]},"id":"us7000tj1k"},
{"type":"Feature","properties":{"mag":2.57,"place":"12 km W of Lake Nacimiento, CA","time":1790032082630,"updated":1790051877134,"tz":null,"url":"https://earthquake.usgs.gov/earthquakes/eventpage/nc75439717","detail":"https://earthquake.usgs.gov/earthquakes/feed/v1.0/detail/nc75439717.geojson","felt":2,"cdi":3.1,"mmi":null,"alert":null,"status":"automatic","tsunami":0,"sig":102,"net":"nc","code":"75439717","ids":",nc75439717,","sources":",nc,","types":",dyfi,focal-mechanism,nearby-cities,origin,phase-data,scitech-link,","nst":40,"dmin":0.1065,"rms":0.07,"gap":77,"magType":"md","type":"earthquake","title":"M 2.6 - 12 km W of Lake Nacimiento, CA"},"geometry":{"type":"Point","coordinates":[-121.017669677734,35.7215003967285,5.21999979019165]},"id":"nc75439717"},
{"type":"Feature","properties":{"mag":4.2,"place":"2 km E of Roncesvalles, Colombia","time":1790031501971,"updated":1790395770040,"tz":null,"url":"https://earthquake.usgs.gov/earthquakes/eventpage/us7000tj1f","detail":"https://earthquake.usgs.gov/earthquakes/feed/v1.0/detail/us7000tj1f.geojson","felt":null,"cdi":null,"mmi":null,"alert":null,"status":"reviewed","tsunami":0,"sig":271,"net":"us","code":"7000tj1f","ids":",us7000tj1f,","sources":",us,","types":",origin,phase-data,","nst":17,"dmin":1.508,"rms":0.71,"gap":147,"magType":"mb","type":"earthquake","title":"M 4.2 - 2 km E of Roncesvalles, Colombia"},"geometry":{"type":"Point","coordinates":[-75.5843,4.0089,10]},"id":"us7000tj1f"},
{"type":"Feature","properties":{"mag":2.5,"place":"21 km W of Petrolia, CA","time":1790030511820,"updated":1790036542847,"tz":null,"url":"https://earthquake.usgs.gov/earthquakes/eventpage/nc75439702","detail":"https://earthquake.usgs.gov/earthquakes/feed/v1.0/detail/nc75439702.geojson","felt":null,"cdi":null,"mmi":null,"alert":null,"status":"automatic","tsunami":0,"sig":96,"net":"nc","code":"75439702","ids":",nc75439702,","sources":",nc,","types":",nearby-cities,origin,phase-data,scitech-link,","nst":22,"dmin":0.1737,"rms":0.17,"gap":274,"magType":"md","type":"earthquake","title":"M 2.5 - 21 km W of Petrolia, CA"},"geometry":{"type":"Point","coordinates":[-124.535835266113,40.3035011291504,10.460000038147]},"id":"nc75439702"},
{"type":"Feature","properties":{"mag":4.5,"place":"91 km E of Namie, Japan","time":1790029799302,"updated":1790394301040,"tz":null,"url":"https://earthquake.usgs.gov/earthquakes/eventpage/us7000tj1b","detail":"https://earthquake.usgs.gov/earthquakes/feed/v1.0/detail/us7000tj1b.geojson","felt":null,"cdi":null,"mmi":null,"alert":null,"status":"reviewed","tsunami":0,"sig":312,"net":"us","code":"7000tj1b","ids":",us7000tj1b,","sources":",us,","types":",origin,phase-data,","nst":47,"dmin":3.215,"rms":0.63,"gap":133,"magType":"mb","type":"earthquake","title":"M 4.5 - 91 km E of Namie, Japan"},"geometry":{"type":"Point","coordinates":[142.0357,37.5254,35]},"id":"us7000tj1b"},
{"type":"Feature","properties":{"mag":4.4,"place":"103 km SW of Brisas Barra de Suchiate, Mexico","time":1790028115964,"updated":1790394034040,"tz":null,"url":"https://earthquake.usgs.gov/earthquakes/eventpage/us7000tj11","detail":"https://earthquake.usgs.gov/earthquakes/feed/v1.0/detail/us7000tj11.geojson","felt":null,"cdi":null,"mmi":null,"alert":null,"status":"reviewed","tsunami":0,"sig":298,"net":"us","code":"7000tj11","ids":",us7000tj11,","sources":",us,","types":",origin,phase-data,","nst":38,"dmin":2.545,"rms":0.91,"gap":224,"magType":"mb","type":"earthquake","title":"M 4.4 - 103 km SW of Brisas Barra de Suchiate, Mexico"},"geometry":{"type":"Point","coordinates":[-92.8335,13.8129,10]},"id":"us7000tj11"},
{"type":"Feature","properties":{"mag":5,"place":"South Sandwich Islands region","time":1790026624841,"updated":1790393696040,"tz":null,"url":"https://earthquake.usgs.gov/earthquakes/eventpage/us7000tj0z","detail":"https://earthquake.usgs.gov/earthquakes/feed/v1.0/detail/us7000tj0z.geojson","felt":null,"cdi":null,"mmi":null,"alert":null,"status":"reviewed","tsunami":0,"sig":385,"net":"us","code":"7000tj0z","ids":",us7000tj0z,","sources":",us,","types":",origin,phase-data,","nst":41,"dmin":7.367,"rms":0.6,"gap":73,"magType":"mb","type":"earthquake","title":"M 5.0 - South Sandwich Islands region"},"geometry":{"type":"Point","coordinates":[-24.1611,-56.5177,10]},"id":"us7000tj0z"},
{"type":"Feature","properties":{"mag":2.8,"place":"40 km SSW of Skwentna, Alaska","time":1790025468156,"updated":1790041545040,"tz":null,"url":"https://earthquake.usgs.gov/earthquakes/eventpage/aka2026stkjjp","detail":"https://earthquake.usgs.gov/earthquakes/feed/v1.0/detail/aka2026stkjjp.geojson","felt":1,"cdi":1,"mmi":null,"alert":null,"status":"automatic","tsunami":0,"sig":121,"net":"ak","code":"a2026stkjjp","ids":",aka2026stkjjp,us7000tj0v,","sources":",ak,us,","types":",dyfi,origin,phase-data,","nst":120,"dmin":0.2,"rms":0.6,"gap":35,"magType":"ml","type":"earthquake","title":"M 2.8 - 40 km SSW of Skwentna, Alaska"},"geometry":{"type":"Point","coordinates":[-151.659,61.651,100.5]},"id":"aka2026stkjjp"},
{"type":"Feature","properties":{"mag":4.4,"place":"Fiji region","time":1790023995330,"updated":1790442135040,"tz":null,"url":"https://earthquake.usgs.gov/earthquakes/eventpage/us7000tj0r","detail":"https://earthquake.usgs.gov/earthquakes/feed/v1.0/detail/us7000tj0r.geojson","felt":null,"cdi":null,"mmi":null,"alert":null,"status":"reviewed","tsunami":0,"sig":298,"net":"us","code":"7000tj0r","ids":",us7000tj0r,","sources":",us,","types":",origin,phase-data,","nst":54,"dmin":3.941,"rms":0.76,"gap":113,"magType":"mb","type":"earthquake","title":"M 4.4 - Fiji region"},"geometry":{"type":"Point","coordinates":[-177.5914,-19.1674,583.701]},"id":"us7000tj0r"},
{"type":"Feature","properties":{"mag":4.6,"place":"Kermadec Islands region","time":1790022872515,"updated":1790357191040,"tz":null,"url":"https://earthquake.usgs.gov/earthquakes/eventpage/us6000txm9","detail":"https://earthquake.usgs.gov/earthquakes/feed/v1.0/detail/us6000txm9.geojson","felt":null,"cdi":null,"mmi":null,"alert":null,"status":"reviewed","tsunami":0,"sig":326,"net":"us","code":"6000txm9","ids":",us6000txm9,","sources":",us,","types":",origin,phase-data,","nst":15,"dmin":1.412,"rms":0.68,"gap":77,"magType":"mb","type":"earthquake","title":"M 4.6 - Kermadec Islands region"},"geometry":{"type":"Point","coordinates":[-176.4408,-28.701,10]},"id":"us6000txm9"},
{"type":"Feature","properties":{"mag":3.1,"place":"77 km WSW of Akhiok, Alaska","time":1790019167655,"updated":1790348980040,"tz":null,"url":"https://earthquake.usgs.gov/earthquakes/eventpage/aka2026stgwir","detail":"https://earthquake.usgs.gov/earthquakes/feed/v1.0/detail/aka2026stgwir.geojson","felt":null,"cdi":null,"mmi":null,"alert":null,"status":"automatic","tsunami":0,"sig":148,"net":"ak","code":"a2026stgwir","ids":",us7000tj0a,aka2026stgwir,","sources":",us,ak,","types":",origin,phase-data,","nst":63,"dmin":1,"rms":0.5,"gap":187,"magType":"ml","type":"earthquake","title":"M 3.1 - 77 km WSW of Akhiok, Alaska"},"geometry":{"type":"Point","coordinates":[-155.339,56.675,52]},"id":"aka2026stgwir"},
{"type":"Feature","properties":{"mag":2.57,"place":"3 km SW of Pāhala, Hawaii","time":1790017093230,"updated":1790441864040,"tz":null,"url":"https://earthquake.usgs.gov/earthquakes/eventpage/hv75041332","detail":"https://earthquake.usgs.gov/earthquakes/feed/v1.0/detail/hv75041332.geojson","felt":null,"cdi":null,"mmi":null,"alert":null,"status":"reviewed","tsunami":0,"sig":102,"net":"hv","code":"75041332","ids":",us7000tizw,hv75041332,","sources":",us,hv,","types":",origin,phase-data,","nst":36,"dmin":0.0501,"rms":0.12,"gap":99,"magType":"ml","type":"earthquake","title":"M 2.6 - 3 km SW of Pāhala, Hawaii"},"geometry":{"type":"Point","coordinates":[-155.508166666667,19.1803333333333,31.03]},"id":"hv75041332"},
{"type":"Feature","properties":{"mag":2.96,"place":"21 km WSW of Petrolia, CA","time":1790016881390,"updated":1790441790040,"tz":null,"url":"https://earthquake.usgs.gov/earthquakes/eventpage/nc75439497","detail":"https://earthquake.usgs.gov/earthquakes/feed/v1.0/detail/nc75439497.geojson","felt":2,"cdi":2,"mmi":null,"alert":null,"status":"automatic","tsunami":0,"sig":135,"net":"nc","code":"75439497","ids":",nc75439497,us7000tizu,","sources":",nc,us,","types":",dyfi,nearby-cities,origin,phase-data,scitech-link,","nst":27,"dmin":0.1808,"rms":0.18,"gap":249,"magType":"md","type":"earthquake","title":"M 3.0 - 21 km WSW of Petrolia, CA"},"geometry":{"type":"Point","coordinates":[-124.529998779297,40.2763328552246,5.65000009536743]},"id":"nc75439497"},
{"type":"Feature","properties":{"mag":4.5,"place":"1 km SE of San Antonio, Colombia","time":1790016524872,"updated":1790441624078,"tz":null,"url":"https://earthquake.usgs.gov/earthquakes/eventpage/us7000tizt","detail":"https://earthquake.usgs.gov/earthquakes/feed/v1.0/detail/us7000tizt.geojson","felt":1,"cdi":2,"mmi":null,"alert":null,"status":"reviewed","tsunami":0,"sig":312,"net":"us","code":"7000tizt","ids":",us7000tizt,","sources":",us,","types":",dyfi,origin,phase-data,","nst":46,"dmin":1.478,"rms":0.75,"gap":103,"magType":"mb","type":"earthquake","title":"M 4.5 - 1 km SE of San Antonio, Colombia"},"geometry":{"type":"Point","coordinates":[-75.4687,3.9032,10]},"id":"us7000tizt"},
{"type":"Feature","properties":{"mag":3.8,"place":"163 km S of Akhiok, Alaska","time":1790015209270,"updated":1790441336040,"tz":null,"url":"https://earthquake.usgs.gov/earthquakes/eventpage/aka2026steqzi","detail":"https://earthquake.usgs.gov/earthquakes/feed/v1.0/detail/aka2026steqzi.geojson","felt":null,"cdi":null,"mmi":1.453,"alert":null,"status":"reviewed","tsunami":0,"sig":222,"net":"ak","code":"a2026steqzi","ids":",us7000tizk,aka2026steqzi,","sources":",us,ak,","types":",origin,phase-data,shakemap,","nst":121,"dmin":1.8,"rms":0.9,"gap":214,"magType":"ml","type":"earthquake","title":"M 3.8 - 163 km S of Akhiok, Alaska"},"geometry":{"type":"Point","coordinates":[-154.076,55.479,20]},"id":"aka2026steqzi"},
{"type":"Feature","properties":{"mag":4.5,"place":"116 km SE of Ollagüe, Chile","time":1790012322560,"updated":1790440993040,"tz":null,"url":"https://earthquake.usgs.gov/earthquakes/eventpage/us7000tizh","detail":"https://earthquake.usgs.gov/earthquakes/feed/v1.0/detail/us7000tizh.geojson","felt":null,"cdi":null,"mmi":null,"alert":null,"status":"reviewed","tsunami":0,"sig":312,"net":"us","code":"7000tizh","ids":",us7000tizh,","sources":",us,","types":",origin,phase-data,","nst":31,"dmin":1.081,"rms":0.74,"gap":114,"magType":"mb","type":"earthquake","title":"M 4.5 - 116 km SE of Ollagüe, Chile"},"geometry":{"type":"Point","coordinates":[-67.5392,-22.0428,193.19]},"id":"us7000tizh"},
{"type":"Feature","properties":{"mag":4.2,"place":"231 km SW of Merizo Village, Guam","time":1790012016265,"updated":1790352180040,"tz":null,"url":"https://earthquake.usgs.gov/earthquakes/eventpage/us6000txm3","detail":"https://earthquake.usgs.gov/earthquakes/feed/v1.0/detail/us6000txm3.geojson","felt":null,"cdi":null,"mmi":null,"alert":null,"status":"reviewed","tsunami":0,"sig":271,"net":"us","code":"6000txm3","ids":",us6000txm3,","sources":",us,","types":",origin,phase-data,","nst":21,"dmin":2.451,"rms":0.51,"gap":145,"magType":"mb","type":"earthquake","title":"M 4.2 - 231 km SW of Merizo Village, Guam"},"geometry":{"type":"Point","coordinates":[143.2666,11.6894,10]},"id":"us6000txm3"},
{"type":"Feature","properties":{"mag":4.2,"place":"Fiji region","time":1790011366683,"updated":1790350287040,"tz":null,"url":"https://earthquake.usgs.gov/earthquakes/eventpage/us7000tizg","detail":"https://earthquake.usgs.gov/earthquakes/feed/v1.0/detail/us7000tizg.geojson","felt":null,"cdi":null,"mmi":null,"alert":null,"status":"reviewed","tsunami":0,"sig":271,"net":"us","code":"7000tizg","ids":",us7000tizg,","sources":",us,","types":",origin,phase-data,","nst":30,"dmin":3.83,"rms":0.69,"gap":100,"magType":"mb","type":"earthquake","title":"M 4.2 - Fiji region"},"geometry":{"type":"Point","coordinates":[-177.4321,-18.8082,411.504]},"id":"us7000tizg"},
{"type":"Feature","properties":{"mag":4.3,"place":"20 km SSW of Roncesvalles, Colombia","time":1790007800229,"updated":1790441887286,"tz":null,"url":"https://earthquake.usgs.gov/earthquakes/eventpage/us7000tiz7","detail":"https://earthquake.usgs.gov/earthquakes/feed/v1.0/detail/us7000tiz7.geojson","felt":1,"cdi":2,"mmi":null,"alert":null,"status":"reviewed","tsunami":0,"sig":285,"net":"us","code":"7000tiz7","ids":",us7000tiz7,","sources":",us,","types":",dyfi,origin,phase-data,","nst":37,"dmin":1.686,"rms":1.07,"gap":96,"magType":"mb","type":"earthquake","title":"M 4.3 - 20 km SSW of Roncesvalles, Colombia"},"geometry":{"type":"Point","coordinates":[-75.6871,3.8443,10]},"id":"us7000tiz7"},
{"type":"Feature","properties":{"mag":4.5,"place":"Izu Islands, Japan region","time":1790006180800,"updated":1790441690040,"tz":null,"url":"https://earthquake.usgs.gov/earthquakes/eventpage/us7000tiya","detail":"https://earthquake.usgs.gov/earthquakes/feed/v1.0/detail/us7000tiya.geojson","felt":null,"cdi":null,"mmi":null,"alert":null,"status":"reviewed","tsunami":0,"sig":312,"net":"us","code":"7000tiya","ids":",us7000tiya,","sources":",us,","types":",origin,phase-data,","nst":59,"dmin":4.751,"rms":0.86,"gap":127,"magType":"mb","type":"earthquake","title":"M 4.5 - Izu Islands, Japan region"},"geometry":{"type":"Point","coordinates":[142.3866,31.8597,10]},"id":"us7000tiya"},
{"type":"Feature","properties":{"mag":2.62,"place":"1 km WSW of Pāhala, Hawaii","time":1789999564200,"updated":1790130703760,"tz":null,"url":"https://earthquake.usgs.gov/earthquakes/eventpage/hv75041242","detail":"https://earthquake.usgs.gov/earthquakes/feed/v1.0/detail/hv75041242.geojson","felt":null,"cdi":null,"mmi":null,"alert":null,"status":"reviewed","tsunami":0,"sig":106,"net":"hv","code":"75041242","ids":",us7000tixt,hv75041242,","sources":",us,hv,","types":",origin,phase-data,","nst":34,"dmin":0.05126,"rms":0.1,"gap":75,"magType":"ml","type":"earthquake","title":"M 2.6 - 1 km WSW of Pāhala, Hawaii"},"geometry":{"type":"Point","coordinates":[-155.494833333333,19.197,30.69]},"id":"hv75041242"},
{"type":"Feature","properties":{"mag":4.3,"place":"152 km N of Agats, Indonesia","time":1789999104605,"updated":1790001461040,"tz":null,"url":"https://earthquake.usgs.gov/earthquakes/eventpage/us7000tixu","detail":"https://earthquake.usgs.gov/earthquakes/feed/v1.0/detail/us7000tixu.geojson","felt":null,"cdi":null,"mmi":null,"alert":null,"status":"reviewed","tsunami":0,"sig":284,"net":"us","code":"7000tixu","ids":",us7000tixu,","sources":",us,","types":",origin,phase-data,","nst":32,"dmin":3.161,"rms":0.84,"gap":76,"magType":"mb","type":"earthquake","title":"M 4.3 - 152 km N of Agats, Indonesia"},"geometry":{"type":"Point","coordinates":[138.0019,-4.1759,148.887]},"id":"us7000tixu"},
{"type":"Feature","properties":{"mag":5,"place":"38 km E of Nobeoka, Japan","time":1789997912404,"updated":1789998975040,"tz":null,"url":"https://earthquake.usgs.gov/earthquakes/eventpage/us7000tixp","detail":"https://earthquake.usgs.gov/earthquakes/feed/v1.0/detail/us7000tixp.geojson","felt":null,"cdi":null,"mmi":null,"alert":null,"status":"reviewed","tsunami":0,"sig":385,"net":"us","code":"7000tixp","ids":",us7000tixp,","sources":",us,","types":",origin,phase-data,","nst":59,"dmin":1.757,"rms":0.75,"gap":108,"magType":"mb","type":"earthquake","title":"M 5.0 - 38 km E of Nobeoka, Japan"},"geometry":{"type":"Point","coordinates":[132.0805,32.5978,42.736]},"id":"us7000tixp"},
{"type":"Feature","properties":{"mag":4.7,"place":"76 km W of Ollagüe, Chile","time":1789993025292,"updated":1789994060040,"tz":null,"url":"https://earthquake.usgs.gov/earthquakes/eventpage/us7000tixg","detail":"https://earthquake.usgs.gov/earthquakes/feed/v1.0/detail/us7000tixg.geojson","felt":null,"cdi":null,"mmi":null,"alert":null,"status":"reviewed","tsunami":0,"sig":340,"net":"us","code":"7000tixg","ids":",us7000tixg,","sources":",us,","types":",origin,phase-data,","nst":75,"dmin":0.58,"rms":1.22,"gap":46,"magType":"mb","type":"earthquake","title":"M 4.7 - 76 km W of Ollagüe, Chile"},"geometry":{"type":"Point","coordinates":[-68.9887,-21.2643,121.183]},"id":"us7000tixg"},
{"type":"Feature","properties":{"mag":2.63,"place":"10 km NE of Marysvale, Utah","time":1789992914820,"updated":1790179399630,"tz":null,"url":"https://earthquake.usgs.gov/earthquakes/eventpage/uu80157636","detail":"https://earthquake.usgs.gov/earthquakes/feed/v1.0/detail/uu80157636.geojson","felt":null,"cdi":null,"mmi":null,"alert":null,"status":"reviewed","tsunami":0,"sig":106,"net":"uu","code":"80157636","ids":",us7000tixf,uu80157636,","sources":",us,uu,","types":",origin,phase-data,","nst":29,"dmin":0.02971,"rms":0.2,"gap":85,"magType":"ml","type":"earthquake","title":"M 2.6 - 10 km NE of Marysvale, Utah"},"geometry":{"type":"Point","coordinates":[-112.139833333333,38.5173333333333,2.64]},"id":"uu80157636"},
{"type":"Feature","properties":{"mag":5.2,"place":"167 km WNW of Mejillones, Chile","time":1789991308996,"updated":1789993664858,"tz":null,"url":"https://earthquake.usgs.gov/earthquakes/eventpage/us7000tixc","detail":"https://earthquake.usgs.gov/earthquakes/feed/v1.0/detail/us7000tixc.geojson","felt":1,"cdi":1,"mmi":null,"alert":null,"status":"reviewed","tsunami":0,"sig":416,"net":"us","code":"7000tixc","ids":",us7000tixc,","sources":",us,","types":",dyfi,origin,phase-data,","nst":108,"dmin":1.666,"rms":0.89,"gap":132,"magType":"mb","type":"earthquake","title":"M 5.2 - 167 km WNW of Mejillones, Chile"},"geometry":{"type":"Point","coordinates":[-71.8678,-22.3643,10]},"id":"us7000tixc"},
{"type":"Feature","properties":{"mag":4.2,"place":"15 km SW of El Ramal (Porvenir), Mexico","time":1789988558555,"updated":1789990728040,"tz":null,"url":"https://earthquake.usgs.gov/earthquakes/eventpage/us7000tix2","detail":"https://earthquake.usgs.gov/earthquakes/feed/v1.0/detail/us7000tix2.geojson","felt":null,"cdi":null,"mmi":null,"alert":null,"status":"reviewed","tsunami":0,"sig":271,"net":"us","code":"7000tix2","ids":",us7000tix2,","sources":",us,","types":",origin,phase-data,","nst":115,"dmin":1.011,"rms":0.75,"gap":129,"magType":"mb","type":"earthquake","title":"M 4.2 - 15 km SW of El Ramal (Porvenir), Mexico"},"geometry":{"type":"Point","coordinates":[-93.0352,15.7541,142.841]},"id":"us7000tix2"},
{"type":"Feature","properties":{"mag":4.7,"place":"95 km ENE of Khorugh, Tajikistan","time":1789987696231,"updated":1789995624040,"tz":null,"url":"https://earthquake.usgs.gov/earthquakes/eventpage/us7000tiwz","detail":"https://earthquake.usgs.gov/earthquakes/feed/v1.0/detail/us7000tiwz.geojson","felt":null,"cdi":null,"mmi":null,"alert":null,"status":"reviewed","tsunami":0,"sig":340,"net":"us","code":"7000tiwz","ids":",us7000tiwz,","sources":",us,","types":",origin,phase-data,","nst":68,"dmin":0.395,"rms":0.88,"gap":50,"magType":"mb","type":"earthquake","title":"M 4.7 - 95 km ENE of Khorugh, Tajikistan"},"geometry":{"type":"Point","coordinates":[72.4916,37.9169,129.316]},"id":"us7000tiwz"},
{"type":"Feature","properties":{"mag":2.92,"place":"63 km NNE of Cruz Bay, U.S. Virgin Islands","time":1789985726980,"updated":1789987861480,"tz":null,"url":"https://earthquake.usgs.gov/earthquakes/eventpage/pr71533883","detail":"https://earthquake.usgs.gov/earthquakes/feed/v1.0/detail/pr71533883.geojson","felt":null,"cdi":null,"mmi":null,"alert":null,"status":"reviewed","tsunami":0,"sig":131,"net":"pr","code":"71533883","ids":",pr71533883,","sources":",pr,","types":",origin,phase-data,","nst":4,"dmin":0.3642,"rms":0.08,"gap":287,"magType":"md","type":"earthquake","title":"M 2.9 - 63 km NNE of Cruz Bay, U.S. Virgin Islands"},"geometry":{"type":"Point","coordinates":[-64.5176666666667,18.8395,10.93]},"id":"pr71533883"},
{"type":"Feature","properties":{"mag":3.6,"place":"167 km WSW of Nikolski, Alaska","time":1789984811101,"updated":1790005330889,"tz":null,"url":"https://earthquake.usgs.gov/earthquakes/eventpage/aka2026ssnubr","detail":"https://earthquake.usgs.gov/earthquakes/feed/v1.0/detail/aka2026ssnubr.geojson","felt":null,"cdi":null,"mmi":1.321,"alert":null,"status":"reviewed","tsunami":0,"sig":199,"net":"ak","code":"a2026ssnubr","ids":",aka2026ssnubr,","sources":",ak,","types":",origin,phase-data,shakemap,","nst":51,"dmin":0.9,"rms":0.6,"gap":208,"magType":"ml","type":"earthquake","title":"M 3.6 - 167 km WSW of Nikolski, Alaska"},"geometry":{"type":"Point","coordinates":[-171.004,52.182,105.6]},"id":"aka2026ssnubr"},
{"type":"Feature","properties":{"mag":2.6,"place":"3 km WNW of Big Lake, Alaska","time":1789983827908,"updated":1790009591135,"tz":null,"url":"https://earthquake.usgs.gov/earthquakes/eventpage/aka2026ssnfqn","detail":"https://earthquake.usgs.gov/earthquakes/feed/v1.0/detail/aka2026ssnfqn.geojson","felt":1,"cdi":1,"mmi":null,"alert":null,"status":"automatic","tsunami":0,"sig":104,"net":"ak","code":"a2026ssnfqn","ids":",aka2026ssnfqn,","sources":",ak,","types":",dyfi,origin,phase-data,","nst":80,"dmin":0.4,"rms":0.8,"gap":24,"magType":"ml","type":"earthquake","title":"M 2.6 - 3 km WNW of Big Lake, Alaska"},"geometry":{"type":"Point","coordinates":[-150.011,61.527,27.4]},"id":"aka2026ssnfqn"},
{"type":"Feature","properties":{"mag":3.1,"place":"20 km NE of Nikolaevsk, Alaska","time":1789983517693,"updated":1790573187040,"tz":null,"url":"https://earthquake.usgs.gov/earthquakes/eventpage/aka2026ssnawb","detail":"https://earthquake.usgs.gov/earthquakes/feed/v1.0/detail/aka2026ssnawb.geojson","felt":1,"cdi":1,"mmi":null,"alert":null,"status":"automatic","tsunami":0,"sig":148,"net":"ak","code":"a2026ssnawb","ids":",aka2026ssnawb,us7000tiwk,","sources":",ak,us,","types":",dyfi,origin,phase-data,","nst":120,"dmin":0.3,"rms":0.8,"gap":44,"magType":"ml","type":"earthquake","title":"M 3.1 - 20 km NE of Nikolaevsk, Alaska"},"geometry":{"type":"Point","coordinates":[-151.328,59.934,45.9]},"id":"aka2026ssnawb"},
{"type":"Feature","properties":{"mag":4,"place":"9 km WNW of Solway, New Zealand","time":1789982622552,"updated":1790090088040,"tz":null,"url":"https://earthquake.usgs.gov/earthquakes/eventpage/us7000tiwh","detail":"https://earthquake.usgs.gov/earthquakes/feed/v1.0/detail/us7000tiwh.geojson","felt":4,"cdi":4.1,"mmi":null,"alert":null,"status":"reviewed","tsunami":0,"sig":248,"net":"us","code":"7000tiwh","ids":",us7000tiwh,","sources":",us,","types":",dyfi,origin,phase-data,","nst":16,"dmin":0.269,"rms":0.69,"gap":170,"magType":"mb","type":"earthquake","title":"M 4.0 - 9 km WNW of Solway, New Zealand"},"geometry":{"type":"Point","coordinates":[175.51,-40.9249,26.042]},"id":"us7000tiwh"},
{"type":"Feature","properties":{"mag":3.39,"place":"53 km N of Cruz Bay, U.S. Virgin Islands","time":1789977655650,"updated":1789983587100,"tz":null,"url":"https://earthquake.usgs.gov/earthquakes/eventpage/pr71533853","detail":"https://earthquake.usgs.gov/earthquakes/feed/v1.0/detail/pr71533853.geojson","felt":null,"cdi":null,"mmi":null,"alert":null,"status":"reviewed","tsunami":0,"sig":177,"net":"pr","code":"71533853","ids":",pr71533853,","sources":",pr,","types":",origin,phase-data,","nst":4,"dmin":0.421,"rms":0.24,"gap":267,"magType":"md","type":"earthquake","title":"M 3.4 - 53 km N of Cruz Bay, U.S. Virgin Islands"},"geometry":{"type":"Point","coordinates":[-64.7923333333333,18.8103333333333,85.47]},"id":"pr71533853"}],"bbox":[-179.9919,-60.2661,-2.54,179.7625,69.052,602.188]}